PredictiveFeature,TargetFeature,FisherScore,MedianCoeff,MeanR2,MeanMSE,Coeff*R2
GAB1,ABCF1,9.06638320932037,0.0829146584257362,0.7214631603275683,0.0252613343300888,0.0598198715053125
GAB1,ACIN1,2.3516984632967968,0.1767008253860565,0.7198714237056768,0.0209058820046915,0.1272018747406287
GAB1,ACLY,2.037394636701331,-0.013402559975623,0.422694526229708,0.041803535987749,-0.0056651887391612
GAB1,AFF4,2.196942794048055,-0.0023961831863061,0.5912374346045327,0.0299577776144733,-0.0014167131999141
GAB1,AHNAK,1.4337420757038877,0.0323536261335598,0.6044776613237637,0.0142038046710979,0.0195570442605576
GAB1,AKT1S1,2.254810324540117,0.1879619870447698,0.7061777368603276,0.0215896891129948,0.1327345706270458
GAB1,ANKS1A,2.432398924925991,0.0128465368176801,0.6693967436639431,0.0248964744678206,0.008599429913114
ABLIM1,ARAF,2.4390753883484657,0.0414185008349286,0.6659420508175617,0.0233941963388148,0.0275823213878012
AHCTF1,ARAF,2.9933567815779325,-0.2682191169879623,0.6659420508175617,0.0233941963388148,-0.1786183888354391
AHNAK2,ARAF,5.986511147780051,0.0218989557227527,0.6659420508175617,0.0233941963388148,0.0145834354847729
ARHGEF2,ARAF,1.9011362494322075,-0.0804069301041055,0.6659420508175617,0.0233941963388148,-0.0535463559334723
ASXL2,ARAF,2.472854718460615,0.0012501777120825,0.6659420508175617,0.0233941963388148,0.0008325459094706
ATG9A,ARAF,1.8970569607543508,0.0933073412519541,0.6659420508175617,0.0233941963388148,0.0621372821896604
ATXN2L,ARAF,3.60322059864078,0.0461015526461397,0.6659420508175617,0.0233941963388148,0.030700962515044
BAG3,ARAF,2.731255655760097,0.0526063207508254,0.6659420508175617,0.0233941963388148,0.0350327611267711
BRD8,ARAF,1.8420139045128108,-0.2076866339031171,0.6659420508175617,0.0233941963388148,-0.138307262908838
CALD1,ARAF,1.8018315033063343,-0.0366669323404713,0.6659420508175617,0.0233941963388148,-0.0244180521200022
CDC42BPA,ARAF,3.1629221431477843,0.000310741417169,0.6659420508175617,0.0233941963388148,0.0002069357766235
CHD4,ARAF,1.8753391039391607,0.0080774882798338,0.6659420508175617,0.0233941963388148,0.0053791391105273
CLASP1,ARAF,4.166872812302437,0.1787269065066942,0.6659420508175617,0.0233941963388148,0.1190217626553466
DPYSL2,ARAF,1.8933237452867804,0.2745269787366562,0.6659420508175617,0.0233941963388148,0.182819059224638
EIF4B,ARAF,2.4330220892010845,0.0059394632230619,0.6659420508175617,0.0233941963388148,0.0039553383195213
EIF4B,ARAF,2.6716493161075783,0.2375821507046655,0.6659420508175617,0.0233941963388148,0.1582159446779119
EIF4G1,ARAF,1.9490599928256072,0.2768506822276995,0.6659420508175617,0.0233941963388148,0.1843665110929553
FHOD1,ARAF,1.768291639129746,0.2917316529225437,0.6659420508175617,0.0233941963388148,0.1942763752356359
GPATCH8,ARAF,4.971283340161904,-0.3938683136032667,0.6659420508175617,0.0233941963388148,-0.262293472513014
HDGFL2,ARAF,2.061612993924632,-0.0850181269285797,0.6659420508175617,0.0233941963388148,-0.0566171458034861
HUWE1,ARAF,7.201542417018096,0.2172095680944414,0.6659420508175617,0.0233941963388148,0.1446489852340091
IRS2,ARAF,3.7347759913951113,0.1168891217947076,0.6659420508175617,0.0233941963388148,0.0778413814862313
KMT2D,ARAF,4.214055029826173,0.1641396245682674,0.6659420508175617,0.0233941963388148,0.1093074782054166
LMNA,ARAF,2.208773249412288,-0.0631867592482844,0.6659420508175617,0.0233941963388148,-0.0420787200383181
LMO7,ARAF,9.467973902204546,-0.0007450324320291,0.6659420508175617,0.0233941963388148,-0.000496148425711
MAP1S,ARAF,2.3783167219076526,-0.008299018071716,0.6659420508175617,0.0233941963388148,-0.0055266651144505
MAP4,ARAF,2.536324767752237,-0.0304727362609661,0.6659420508175617,0.0233941963388148,-0.0202930764796505
MAST4,ARAF,2.3746622576264254,0.0689512775349917,0.6659420508175617,0.0233941963388148,0.0459175551681432
MDC1,ARAF,4.532498015299361,0.0255230269443192,0.6659420508175617,0.0233941963388148,0.0169968569063718
MIA2,ARAF,2.0855917309881806,0.2933971296847575,0.6659420508175617,0.0233941963388148,0.1953854862462535
MYH3,ARAF,2.6347876195994875,-0.1445469421649201,0.6659420508175617,0.0233941963388148,-0.0962598871047144
MYO9B,ARAF,1.9551453025618848,0.1470825256458638,0.6659420508175617,0.0233941963388148,0.0979484387680331
NCL,ARAF,2.1301485019689905,0.1455563255784021,0.6659420508175617,0.0233941963388148,0.0969320779651498
NCOR2,ARAF,3.876730195671498,-0.0074441699757258,0.6659420508175617,0.0233941963388148,-0.0049573858202693
NES,ARAF,2.826624415569936,0.0451058413010879,0.6659420508175617,0.0233941963388148,0.030037876459898
NHSL3,ARAF,2.9600086071429588,0.029119927652745,0.6659420508175617,0.0233941963388148,0.0193921843407281
NUMA1,ARAF,3.642218144123811,0.0196366143150327,0.6659420508175617,0.0233941963388148,0.0130768472080664
NUP214,ARAF,2.9620562161624453,-0.2303268619568478,0.6659420508175617,0.0233941963388148,-0.1533843428099166
PCBP1,ARAF,2.6630114249907546,0.0176520011289236,0.6659420508175617,0.0233941963388148,0.0117552098328293
PCBP2,ARAF,2.0370347756692504,-0.0962415294789147,0.6659420508175617,0.0233941963388148,-0.0640912815150072
PHLDB1,ARAF,2.647906841319995,-0.0516339618675569,0.6659420508175617,0.0233941963388148,-0.0343852264579166
PHRF1,ARAF,2.8278418033911263,0.2592081907626339,0.6659420508175617,0.0233941963388148,0.1726176341451782
PLEC,ARAF,4.1963418731294535,0.0811745311798565,0.6659420508175617,0.0233941963388148,0.0540575337680678
PLEKHA5,ARAF,2.499841812235021,0.3474587962761424,0.6659420508175617,0.0233941963388148,0.2313874233667357
PPIG,ARAF,2.220926307614666,0.0580913406368109,0.6659420508175617,0.0233941963388148,0.0386854665184194
PPIG,ARAF,1.966080866237068,-0.0909300324382993,0.6659420508175617,0.0233941963388148,-0.0605541322828684
PRRC2A,ARAF,4.933345813422016,0.001536059660181,0.6659420508175617,0.0233941963388148,0.001022926720279
PRRC2C,ARAF,4.289724455936581,-0.0097171619261885,0.6659420508175617,0.0233941963388148,-0.0064710667412523
RASAL2,ARAF,2.02907228424197,0.0976196470071442,0.6659420508175617,0.0233941963388148,0.065009027928024
RBM10,ARAF,2.202224985512155,-0.1235688108583795,0.6659420508175617,0.0233941963388148,-0.0822896673201166
RIF1,ARAF,2.999044624242412,0.2660771781020145,0.6659420508175617,0.0233941963388148,0.1771919816610052
SPAG9,ARAF,1.7984864453185885,-0.303572066404865,0.6659420508175617,0.0233941963388148,-0.2021614044725808
SRGAP1,ARAF,1.984005792944309,0.1064069165691204,0.6659420508175617,0.0233941963388148,0.0708608402412132
SRRM2,ARAF,4.024985044807145,0.1583333559073982,0.6659420508175617,0.0233941963388148,0.1054408397457996
SSH1,ARAF,1.809869267285846,-0.2014604308260644,0.6659420508175617,0.0233941963388148,-0.1341609724628988
TCOF1,ARAF,6.358056337644089,-0.2582250878969432,0.6659420508175617,0.0233941963388148,-0.1719629446066355
TJP1,ARAF,2.669625391411328,-0.0933444917132024,0.6659420508175617,0.0233941963388148,-0.0621620222440129
TNS2,ARAF,2.083174994078734,-0.1880829529289891,0.6659420508175617,0.0233941963388148,-0.1252523473973539
TP53BP1,ARAF,2.0163893435184344,0.2525267288663171,0.6659420508175617,0.0233941963388148,0.1681681677074855
TRIM28,ARAF,2.6080539193499126,-0.3563386685506811,0.6659420508175617,0.0233941963388148,-0.2373009037202399
UBE4B,ARAF,1.8792316693947744,-0.1236634200000183,0.6659420508175617,0.0233941963388148,-0.0823526715259257
USP10,ARAF,2.368913471655926,0.3393595291400035,0.6659420508175617,0.0233941963388148,0.225993780799976
USP24,ARAF,1.8118348573848413,0.0346235343427049,0.6659420508175617,0.0233941963388148,0.0230572674667332
WIZ,ARAF,1.9371958975137813,-0.0238417619074131,0.6659420508175617,0.0233941963388148,-0.0158772318197267
GAB1,ARFGEF2,1.2513209441432094,0.0316976595429865,0.5393830073592811,0.0251941078771897,0.0170971789305467
GAB1,ARHGAP35,1.7193342521356696,0.2182785002357909,0.5887115001616631,0.0256561040555793,0.1285030633268504
ABLIM1,ATF2,2.3664796000788906,0.1563485691745905,0.8238488659609768,0.0105622872673474,0.1288075914091077
AHCTF1,ATF2,2.8488363014200524,-0.141824148387438,0.8238488659609768,0.0105622872673474,-0.1168416638148721
AHNAK2,ATF2,5.218108278220369,-0.0809558328575774,0.8238488659609768,0.0105622872673474,-0.0666953710926415
ASXL2,ATF2,2.456107283208369,0.0076882343052395,0.8238488659609768,0.0105622872673474,0.0063339431136138
ATXN2L,ATF2,3.500377282452671,0.1335586902046337,0.8238488659609768,0.0105622872673474,0.1100321754643209
BAG3,ATF2,2.614583743800897,0.0856082415476729,0.8238488659609768,0.0105622872673474,0.0705282527159637
CA2,ATF2,3.787657877071924,-0.0289824573117621,0.8238488659609768,0.0105622872673474,-0.0238771645890576
CDC42BPA,ATF2,3.0142472510662093,0.1450644347661707,0.8238488659609768,0.0105622872673474,0.1195111700733798
CLASP1,ATF2,4.32652521434518,0.0093605070174924,0.8238488659609768,0.0105622872673474,0.0077116430911809
EIF4B,ATF2,2.359677710135957,0.0968019945890491,0.8238488659609768,0.0105622872673474,0.0797502134649487
EIF4B,ATF2,2.543739398487131,-0.2715376659050484,0.8238488659609768,0.0105622872673474,-0.2237059981215647
FHOD1,ATF2,3.377461550429826,0.0139829460376811,0.8238488659609768,0.0105622872673474,0.0115198342359371
GPATCH8,ATF2,4.6937933002764485,0.0512833926638526,0.8238488659609768,0.0105622872673474,0.0422497648887465
HUWE1,ATF2,7.479785833908195,-0.1130559835943194,0.8238488659609768,0.0105622872673474,-0.0931410438742828
IRS2,ATF2,3.611318270991866,-0.0623893632383958,0.8238488659609768,0.0105622872673474,-0.0513994061519799
KMT2D,ATF2,4.495186372748346,0.3562784224278878,0.8238488659609768,0.0105622872673474,0.2935195742835812
LMO7,ATF2,8.91526907956631,0.149934122072837,0.8238488659609768,0.0105622872673474,0.1235230564385614
MAP1S,ATF2,2.4256588869034093,0.103139835678359,0.8238488659609768,0.0105622872673474,0.0849716366590175
MAP4,ATF2,2.494970245657509,-0.0569902804765996,0.8238488659609768,0.0105622872673474,-0.0469513779414446
MDC1,ATF2,4.592582411574008,-0.0550977254571113,0.8238488659609768,0.0105622872673474,-0.0453921986348704
NACA,ATF2,4.578661611028815,0.0130228310130725,0.8238488659609768,0.0105622872673474,0.0107288445617212
NCOR2,ATF2,3.5612994198479373,0.0803884047484592,0.8238488659609768,0.0105622872673474,0.0662278960884301
NES,ATF2,3.1755925830269938,0.085244033204335,0.8238488659609768,0.0105622872673474,0.0702282000853312
NHSL3,ATF2,2.909840098180497,-0.0062868526542543,0.8238488659609768,0.0105622872673474,-0.0051794164296711
NUMA1,ATF2,3.564325687150522,0.3544953513669402,0.8238488659609768,0.0105622872673474,0.2920505932120917
NUP214,ATF2,2.8289120177928906,0.0614626971625867,0.8238488659609768,0.0105622872673474,0.0506359733563
PCBP1,ATF2,4.758305781976058,0.0194847703304958,0.8238488659609768,0.0105622872673474,0.0160525059402891
PHLDB1,ATF2,2.5198111648020523,0.0952184621586801,0.8238488659609768,0.0105622872673474,0.0784456220679768
PHRF1,ATF2,2.758700588282229,0.0302344053525291,0.8238488659609768,0.0105622872673474,0.0249085805626856
PLEC,ATF2,4.375435680490013,-0.1652711288554879,0.8238488659609768,0.0105622872673474,-0.1361584320836842
PLEKHA5,ATF2,2.4248152964314182,-0.1505272183324566,0.8238488659609768,0.0105622872673474,-0.1240116781194547
PRRC2A,ATF2,4.597185269565363,0.0265060386654353,0.8238488659609768,0.0105622872673474,0.0218369698956367
PRRC2C,ATF2,3.9806005834745934,-0.1280592391167549,0.8238488659609768,0.0105622872673474,-0.105501458922164
RIF1,ATF2,2.8177507468664187,-0.0263923537843243,0.8238488659609768,0.0105622872673474,-0.0217433107352565
SRRM2,ATF2,3.791040422791896,0.0751414882207424,0.8238488659609768,0.0105622872673474,0.0619052298572787
SYNPO2L,ATF2,10.62959615611648,-0.1910434003057276,0.8238488659609768,0.0105622872673474,-0.1573908886912026
TCOF1,ATF2,6.13475068766555,-0.0092542756498461,0.8238488659609768,0.0105622872673474,-0.0076241244994159
TJP1,ATF2,2.376328466483748,-0.0593461652514515,0.8238488659609768,0.0105622872673474,-0.0488922709415411
TNS1,ATF2,2.6320562571674264,0.0164949242727555,0.8238488659609768,0.0105622872673474,0.0135893246562218
TRIM28,ATF2,2.5737519542605134,0.2689204933327935,0.8238488659609768,0.0105622872673474,0.2215498434658883
GAB1,ATG9A,10.73257841943326,0.0035044873070688,0.4744031215652948,0.0107297685842047,0.0016625397179594
GAB1,BAG3,1.6481918767741277,-0.0794757694317332,0.6119779418240425,0.0237587766848821,-0.0486374178017142
ERBB2,BANF1,37.12248050733031,-0.1109952595179562,0.3756134153345605,0.0300052063162579,-0.0416913085134854
GAB1,BOD1L1,2.681954366879982,-0.0158034493388961,0.6170589421680952,0.0296687448901722,-0.0097516597316663
AFDN,BRAF,2.289167501721342,-0.026716219295505,0.7100639567544236,0.0214725442632562,-0.0189702243824851
AHCTF1,BRAF,4.08994878815194,0.0926346055535953,0.7100639567544236,0.0214725442632562,0.0657764945517711
AHNAK2,BRAF,6.543742630606607,-0.1085858525627018,0.7100639567544236,0.0214725442632562,-0.0771029001182245
ARHGAP11A,BRAF,2.1869659220207094,0.1351295970665328,0.7100639567544236,0.0214725442632562,0.0959506563676932
ARHGEF2,BRAF,2.636553561724371,0.1643517106682602,0.7100639567544236,0.0214725442632562,0.116700225976463
ARID1B,BRAF,2.270928831935444,-0.3176810812970683,0.7100639567544236,0.0214725442632562,-0.22557388557182
ASXL2,BRAF,3.145245517495067,-0.0757393288753341,0.7100639567544236,0.0214725442632562,-0.0537797675431443
ATXN2L,BRAF,4.532542650841011,0.0422488251662772,0.7100639567544236,0.0214725442632562,0.0299993679657927
CDC42BPA,BRAF,3.982799580377189,0.0617524127676576,0.7100639567544236,0.0214725442632562,0.0438481625489353
CHD4,BRAF,2.424859856846258,0.0535420225478259,0.7100639567544236,0.0214725442632562,0.0380182603829438
CLASP1,BRAF,5.133378429387377,0.0204190169012466,0.7100639567544236,0.0214725442632562,0.0144988079339346
DPYSL2,BRAF,2.2842142042532028,0.1602249946332462,0.7100639567544236,0.0214725442632562,0.1137699936602391
EIF4B,BRAF,2.3766553084651347,0.0572960058397141,0.7100639567544236,0.0214725442632562,0.040683828612772
EIF4B,BRAF,3.2745919076011045,-0.012321918574248,0.7100639567544236,0.0214725442632562,-0.0087493502576363
EIF4G1,BRAF,2.76569885283953,0.4314025276360195,0.7100639567544236,0.0214725442632562,0.3063233857270915
GAB1,BRAF,2.1896735117101795,-0.0307656116525885,0.7100639567544236,0.0214725442632562,-0.021845551942007
GPATCH8,BRAF,5.90993703537245,-0.0279207118633329,0.7100639567544236,0.0214725442632562,-0.0198254911410783
HDGFL2,BRAF,2.6250475482154187,0.1139057800283281,0.7100639567544236,0.0214725442632562,0.0808803888641136
HUWE1,BRAF,8.19943129660708,-0.1346471022812211,0.7100639567544236,0.0214725442632562,-0.0956080542113214
IRS2,BRAF,4.781569782042247,0.0612457417945205,0.7100639567544236,0.0214725442632562,0.043488393752977
JPH2,BRAF,2.1885917155848538,0.0803803532130856,0.7100639567544236,0.0214725442632562,0.0570751916478017
KMT2D,BRAF,5.775101246552259,-0.0871620676768376,0.7100639567544236,0.0214725442632562,-0.0618906426535121
LMNA,BRAF,2.982273438772661,-0.0769634072166035,0.7100639567544236,0.0214725442632562,-0.0546489414535234
LMO7,BRAF,11.424187967267349,-0.1420519401869761,0.7100639567544236,0.0214725442632562,-0.100865962713807
MAP4K4,BRAF,2.2992541442563788,0.1015409800951451,0.7100639567544236,0.0214725442632562,0.0721005900990809
MAP4,BRAF,3.4055545810868946,0.095777684699042,0.7100639567544236,0.0214725442632562,0.0680082817661794
MARK2,BRAF,2.2822914440530724,-0.0960401102312813,0.7100639567544236,0.0214725442632562,-0.0681946206779546
MAST4,BRAF,2.9835146904645407,-0.0392785918752319,0.7100639567544236,0.0214725442632562,-0.0278903123626693
MDC1,BRAF,5.6041765988819785,0.0710298765265241,0.7100639567544236,0.0214725442632562,0.0504357551742018
MED1,BRAF,2.372495483351061,0.1837142741622154,0.7100639567544236,0.0214725442632562,0.1304488844238896
MIA2,BRAF,2.604572156238326,0.0189900823665911,0.7100639567544236,0.0214725442632562,0.0134841730243141
MYH3,BRAF,2.2851846668784805,-0.1917156174850041,0.7100639567544236,0.0214725442632562,-0.1361303499230196
MYO9B,BRAF,2.3979118286702024,0.0718393929372621,0.7100639567544236,0.0214725442632562,0.0510105635998681
NCOR2,BRAF,5.063579608031311,0.0029842897942791,0.7100639567544236,0.0214725442632562,0.0021190366194276
NES,BRAF,3.7623706557130574,0.1343284400404737,0.7100639567544236,0.0214725442632562,0.0953817836397881
NHSL3,BRAF,3.937413752392811,0.0564878183109864,0.7100639567544236,0.0214725442632562,0.040109963778324
NUMA1,BRAF,4.4408283494375365,-0.0934153675687031,0.7100639567544236,0.0214725442632562,-0.0663308855175021
NUP214,BRAF,3.908937873542129,0.0181321577422659,0.7100639567544236,0.0214725442632562,0.0128749916709686
PCBP1,BRAF,3.1051005860454053,0.0813474483555199,0.7100639567544236,0.0214725442632562,0.0577618910511966
PHACTR4,BRAF,2.229788913366618,-0.0949513665761802,0.7100639567544236,0.0214725442632562,-0.0674215430503222
PHIP,BRAF,2.3227946256249465,0.3248918363163383,0.7100639567544236,0.0214725442632562,0.2306939828119897
PHLDB1,BRAF,3.369847697019736,0.0665327312761252,0.7100639567544236,0.0214725442632562,0.0472424944236042
PHRF1,BRAF,3.5418117114790344,0.077586937161365,0.7100639567544236,0.0214725442632562,0.0550916875932556
PLEC,BRAF,5.286284015953128,-0.0221218972051239,0.7100639567544236,0.0214725442632562,-0.0157079618603849
PLEKHA5,BRAF,3.149513685399905,-0.3045784880824379,0.7100639567544236,0.0214725442632562,-0.2162702063900959
PPIG,BRAF,2.456110734788157,0.0073889148093982,0.7100639567544236,0.0214725442632562,0.0052466020856826
PRRC2A,BRAF,5.843465351085683,-0.1586791886835879,0.7100639567544236,0.0214725442632562,-0.1126723725712502
PRRC2C,BRAF,5.30075631350945,-0.0432012688545172,0.7100639567544236,0.0214725442632562,-0.0306756638996501
RASAL2,BRAF,2.747644773851425,-0.0558389130676127,0.7100639567544236,0.0214725442632562,-0.0396491995536553
RBM10,BRAF,2.7866210681067227,-0.0311504432674317,0.7100639567544236,0.0214725442632562,-0.0221188070011267
RIF1,BRAF,3.762996324290032,0.1381267104876958,0.7100639567544236,0.0214725442632562,0.098078798582366
SORBS3,BRAF,2.292253891485664,0.101107610363641,0.7100639567544236,0.0214725442632562,0.0717928698727915
SPAG9,BRAF,2.39611954766208,-0.0830638244470377,0.7100639567544236,0.0214725442632562,-0.0589806278500184
SRGAP1,BRAF,2.4432278479336937,-0.0349547859583018,0.7100639567544236,0.0214725442632562,-0.0248201336250557
SRRM2,BRAF,5.265766302710041,0.2364532836484095,0.7100639567544236,0.0214725442632562,0.1678969541749657
SSH1,BRAF,2.365836698043152,0.0150213264680495,0.7100639567544236,0.0214725442632562,0.0106661025076032
TCOF1,BRAF,7.916434864891662,-0.0408753560066533,0.7100639567544236,0.0214725442632562,-0.0290241170198299
TJP1,BRAF,3.947832537206221,-0.0960958060779887,0.7100639567544236,0.0214725442632562,-0.0682341682912425
TNS2,BRAF,2.744624828290782,0.0312377586765687,0.7100639567544236,0.0214725442632562,0.0221808065260242
TP53BP1,BRAF,2.857941714395848,-0.067980433798219,0.7100639567544236,0.0214725442632562,-0.0482704558046455
TRIM28,BRAF,3.3727823691463765,0.4227360913285676,0.7100639567544236,0.0214725442632562,0.3001696616716621
UBE4B,BRAF,2.513914637026053,-0.1588325351522932,0.7100639567544236,0.0214725442632562,-0.1127812583715733
USP10,BRAF,3.0842029644724467,-0.0277228160536534,0.7100639567544236,0.0214725442632562,-0.0196849724594322
WASHC2A,BRAF,2.270820433933668,-0.0013828615501784,0.7100639567544236,0.0214725442632562,-0.0009819201439632
WIZ,BRAF,2.6565037864089174,-0.3184226767588473,0.7100639567544236,0.0214725442632562,-0.2261004657797219
GAB1,C9orf78,3.5526572031949524,0.1043294402718385,0.5294683481141883,0.0399164753750774,0.0552391364004082
GAB1,CASC3,2.1341460220638684,0.0051819569891728,0.6472743639577182,0.0249534264319938,0.0033541479142231
GAB1,CAVIN1,1.7969393582468154,0.0642374073316315,0.6239630840322272,0.0256503346200292,0.0400817707888791
GAB1,CBX3,1.7820162589598465,-0.0526734413603369,0.5575218997473229,0.031063405710366,-0.0293665970934442
GAB1,CCDC6,1.902772649725661,0.0880379619424093,0.5763562178687651,0.0256941401343933,0.0507412267740013
GAB1,CCDC86,2.4196819857664886,0.106469137114707,0.5690951117852523,0.0269429880832307,0.0605910654879735
ERBB2,CCNH,62.645941927662506,-0.1153912113323377,0.4883040816155363,0.0286977978912952,-0.0563459994761414
GAB1,CCNL1,1.9648406638342504,0.038207429850896,0.6630275921398494,0.0243663556177043,0.0253325802158917
GAB1,CD2AP,1.6565405738330057,0.1684175688392963,0.5753457156677991,0.028597585778706,0.0968983266748757
GAB1,CDC42EP4,2.2664807844676376,0.1213214423135068,0.7108532846078365,0.0214897696585688,0.0862417457619164
GAB1,CDK12,2.4402441986904866,-0.0163079737152597,0.7407431717002776,0.0195976464273924,-0.0120800201738462
MITF,CDS2,12.30640448232303,-0.4289808783109828,0.3277928710354229,0.0428447849008108,-0.1406168737208544
GAB1,CEP128,6.461388046457086,-0.0489746064209582,0.3841050737836289,0.0160031760916846,-0.0188113948128463
GAB1,CEP170,1.7322790295116874,-0.0449324258253965,0.8286641240869784,0.0119424031506185,-0.0372338892897053
GAB1,CHAMP1,1.608828982705799,-0.0043825064827923,0.6345947166240301,0.0158781481959461,-0.0027811154595505
GAB1,CLASP1,2.96486661402899,-0.0031040941209815,0.7756433577004492,0.0177770622266433,-0.0024076699866163
GAB1,CTTNBP2NL,1.8608981240828248,-0.1232284133737991,0.5651224613263042,0.0311196147577703,-0.0696391442711366
GAB1,DIDO1,1.820159789016056,0.0638026932702648,0.629314316826268,0.0251647690599713,0.0401519483270526
GAB1,DKC1,3.54193642402717,-0.1245908769301748,0.5901641526511436,0.0319901292197776,-0.0735290693115595
RAF1,DNAJB2,14.187619217281409,0.1605835225839572,0.3794744163648659,0.0309527254402374,0.0609373385103614
GAB1,DPM1,14.02753545935126,-0.0152833502500932,0.5342266195402745,0.0314860793322866,-0.0081647725393573
GAB1,DTD1,2.1982626647013537,0.036848994749511,0.6245724238967377,0.0273605287934377,0.0230148659688603
GAB1,DYNC1H1,6.263404900222323,-0.0743055837426279,0.2442639266486958,0.0204253138829265,-0.0181501736568978
GAB1,DYNC1LI1,2.795998807832428,0.0970836756376023,0.7229422861939786,0.021771612790702,0.0701858944175628
GAB1,EDC4,2.3532501347792847,-0.0301761059838662,0.5589012103873575,0.0331230099867978,-0.01686546215916
GAB1,EEF1D,4.86521456698009,0.2383361121806983,0.6983665896362898,0.0274169817821118,0.1664459778508065
GAB1,EEF2K,1.487404262090092,-0.0863685741035389,0.5984196156839212,0.0257628344908271,-0.051684648922208
GAB1,EEF2,1.545201242520187,0.0774957829777737,0.6606123649160003,0.0227548177610546,0.0511946724639642
ABLIM1,EGFR,2.3655599118648225,-0.079526680875953,0.5793076451132267,0.0240142859593996,-0.0460704142219194
AHCTF1,EGFR,2.243968040065299,0.1550291109390819,0.5793076451132267,0.0240142859593996,0.0898095491821167
AHNAK2,EGFR,4.09870205235706,0.2475767333044462,0.5793076451132267,0.0240142859593996,0.1434230943554241
ASXL2,EGFR,2.7816820220412155,-0.3654453546853616,0.5793076451132267,0.0240142859593996,-0.2117052878403447
ATXN2L,EGFR,3.5508375146806226,-0.1928598229272756,0.5793076451132267,0.0240142859593996,-0.1117251698569539
BAG3,EGFR,2.711192229664864,0.0265916269552577,0.5793076451132267,0.0240142859593996,0.0154047327911797
CDC42BPA,EGFR,2.492716107553518,-0.0668927866782308,0.5793076451132267,0.0240142859593996,-0.0387515027256273
CLASP1,EGFR,3.024875862722912,0.0906732686491948,0.5793076451132267,0.0240142859593996,0.052527717735884
EIF4B,EGFR,2.23915012771742,0.0731184159518521,0.5793076451132267,0.0240142859593996,0.0423580573594768
EIF4B,EGFR,2.1243518795012832,-0.0744685976092225,0.5793076451132267,0.0240142859593996,-0.0431402279158832
GPATCH8,EGFR,4.76622515537746,0.1774765435751329,0.5793076451132267,0.0240142859593996,0.1028135185213452
HUWE1,EGFR,7.587465255829074,-0.2543288013358858,0.5793076451132267,0.0240142859593996,-0.1473346189863617
IRS2,EGFR,3.1001008276579607,0.2255397210043938,0.5793076451132267,0.0240142859593996,0.1306568846545495
KMT2D,EGFR,4.323021223339226,-0.3040481772971108,0.5793076451132267,0.0240142859593996,-0.1761374335909581
LMO7,EGFR,8.110298157551759,0.1435621474803928,0.5793076451132267,0.0240142859593996,0.0831666495842641
MDC1,EGFR,3.62769624061865,0.0798588803284161,0.5793076451132267,0.0240142859593996,0.0462628599044337
MIA2,EGFR,1.9904852188184616,-0.2072716278001658,0.5793076451132267,0.0240142859593996,-0.1200740385996993
MYH3,EGFR,3.88564082738084,-0.2056501804380284,0.5793076451132267,0.0240142859593996,-0.1191347217466644
NCL,EGFR,2.098952560494792,0.0855454257528765,0.5793076451132267,0.0240142859593996,0.0495571191431072
NCOR2,EGFR,2.6513910678786385,-0.0224479751386634,0.5793076451132267,0.0240142859593996,-0.0130042836151393
NES,EGFR,2.098763947883922,-0.0573003425541302,0.5793076451132267,0.0240142859593996,-0.0331945265092144
NHSL3,EGFR,2.6800969751175168,0.0003040028518181,0.5793076451132267,0.0240142859593996,0.0001761111761944
NUMA1,EGFR,3.101358436404142,0.096971204007245,0.5793076451132267,0.0240142859593996,0.0561761598372314
NUP214,EGFR,2.2124370144727403,0.0963554938072071,0.5793076451132267,0.0240142859593996,0.0558194742111752
PCBP1,EGFR,2.607793537841898,-0.1082950650704693,0.5793076451132267,0.0240142859593996,-0.0627361591233572
PCBP2,EGFR,1.9786237285619583,0.0866879048054523,0.5793076451132267,0.0240142859593996,0.0502189659926461
PHLDB1,EGFR,2.0238019649006462,0.2160243423886211,0.5793076451132267,0.0240142859593996,0.1251445530762855
PHRF1,EGFR,2.302750718945718,-0.3105834325956134,0.5793076451132267,0.0240142859593996,-0.1799233569481474
PLEC,EGFR,3.072973098135141,-0.0192157883939587,0.5793076451132267,0.0240142859593996,-0.0111318531234983
PPIG,EGFR,2.72759562318235,0.0795894932477686,0.5793076451132267,0.0240142859593996,0.0461068019091199
PRRC2A,EGFR,7.310111760450144,0.0214253481974554,0.5793076451132267,0.0240142859593996,0.0124118680099988
PRRC2C,EGFR,3.113027225992508,-0.1479726487854266,0.5793076451132267,0.0240142859593996,-0.085721686709052
RIF1,EGFR,2.301001566973325,0.2489948427005868,0.5793076451132267,0.0240142859593996,0.1442446159702152
SRRM2,EGFR,4.24603354369016,0.0036636980909628,0.5793076451132267,0.0240142859593996,0.0021224083134815
TCOF1,EGFR,4.671039899493288,0.2306646297583469,0.5793076451132267,0.0240142859593996,0.1336257834762223
TJP1,EGFR,2.0472444837003407,0.1705642871557478,0.5793076451132267,0.0240142859593996,0.0988091955326124
TRIM28,EGFR,2.364017211161842,0.0438673251523015,0.5793076451132267,0.0240142859593996,0.025412676831396
USP10,EGFR,2.664566196641759,-0.0489907018998422,0.5793076451132267,0.0240142859593996,-0.0283806881500417
USP24,EGFR,2.135496795161903,0.2455248173582005,0.5793076451132267,0.0240142859593996,0.1422344037606342
GAB1,EHBP1L1,2.8311775093557925,-0.0358882237123837,0.5438275962309381,0.0348014197835417,-0.0195170064345037
GAB1,EIF2S2,2.0213147381354206,-0.0814059898860471,0.6173982200110678,0.0248195959842902,-0.0502599132538844
GAB1,EIF4B,9.159668845135572,-0.0078947041017236,0.4379577794152974,0.0108498924102622,-0.0034575470775317
GAB1,EIF4EBP1,4.960030798030249,-0.042238246105423,0.5968017058125039,0.0372154857117373,-0.0252078573262448
GAB1,EIF4G1,3.3112168118571854,-0.016520684456548,0.7991167428898317,0.0094505046925312,-0.0132019555532273
GAB1,EML4,2.0901696762619504,0.0648246363658141,0.6387272617974074,0.0262922580255446,0.0414052624829491
GAB1,EPB41L2,2.1483067071818347,0.2128613911686212,0.6698430739283887,0.024360031736556,0.1425837285810624
GAB1,EPS15,2.0121665551061807,-0.0882370939869726,0.7291425997861387,0.0194267012262932,-0.0643374241072351
AHNAK2,ERBB2,5.163154456728599,0.0596228237263967,0.6242198270462935,0.0173901901054425,0.037217748714503
ATXN2L,ERBB2,4.4286555272462245,0.3938455275227515,0.6242198270462935,0.0173901901054425,0.2458461870732081
CDC42BPA,ERBB2,3.1548190038930315,0.1222375618886381,0.6242198270462935,0.0173901901054425,0.0763031097406863
CLASP1,ERBB2,4.35410066644269,0.133351298001312,0.6242198270462935,0.0173901901054425,0.0832405241747777
FHOD1,ERBB2,3.2128747115109904,0.0664330609215597,0.6242198270462935,0.0173901901054425,0.0414688337986118
GPATCH8,ERBB2,4.921731934324853,-0.0964249986770893,0.6242198270462935,0.0173901901054425,-0.0601903959971518
HUWE1,ERBB2,12.38275536420416,-0.0351028594804896,0.6242198270462935,0.0173901901054425,-0.0219119008737416
IRS2,ERBB2,3.555710802855465,-0.0017059999261652,0.6242198270462935,0.0173901901054425,-0.0010649189788518
KMT2D,ERBB2,4.722088619564125,0.2728725269009232,0.6242198270462935,0.0173901901054425,0.1703324415477793
LMO7,ERBB2,10.565851380928123,0.1382958235130143,0.6242198270462935,0.0173901901054425,0.0863269950345185
MDC1,ERBB2,4.248040444119336,-0.3517493394553327,0.6242198270462935,0.0173901901054425,-0.2195689118384558
MIA2,ERBB2,3.194041737307986,-0.0298281291779827,0.6242198270462935,0.0173901901054425,-0.0186193096365948
NACA,ERBB2,4.214655545431473,-0.0118970743062192,0.6242198270462935,0.0173901901054425,-0.0074263896657851
NCOR2,ERBB2,3.221284336214239,-0.1270465056571155,0.6242198270462935,0.0173901901054425,-0.0793049477881206
NES,ERBB2,3.004849011852276,0.0042483083269309,0.6242198270462935,0.0173901901054425,0.0026518782890761
NHSL3,ERBB2,3.419275258080829,0.4862814856945519,0.6242198270462935,0.0173901901054425,0.3035465448960678
NUMA1,ERBB2,3.303278382844242,-0.1467794370243972,0.6242198270462935,0.0173901901054425,-0.0916226347933215
PCBP1,ERBB2,3.736311700144826,-0.088760438298154,0.6242198270462935,0.0173901901054425,-0.0554060254430269
PLEC,ERBB2,4.003556605949581,-0.0093001429246755,0.6242198270462935,0.0173901901054425,-0.0058053336079468
PRRC2A,ERBB2,5.362758139525613,0.0527195384388563,0.6242198270462935,0.0173901901054425,0.0329085811662633
PRRC2C,ERBB2,3.743808380096755,0.1683486968884213,0.6242198270462935,0.0173901901054425,0.1050865944551592
RIF1,ERBB2,3.0060698823157725,0.3189323426160989,0.6242198270462935,0.0173901901054425,0.1990838917472904
SRRM2,ERBB2,4.335872400901997,0.085481382003468,0.6242198270462935,0.0173901901054425,0.0533591734898829
TCOF1,ERBB2,7.056149592384293,0.1589427051402655,0.6242198270462935,0.0173901901054425,0.0992151879129265
TRIM28,ERBB2,3.3843904010068635,-0.1680115563418697,0.6242198270462935,0.0173901901054425,-0.1048761446415005
USP10,ERBB2,3.289896218360348,-0.2099635767958161,0.6242198270462935,0.0173901901054425,-0.1310634275935054
GAB1,FHOD1,2.979757668511416,-0.1289741436239301,0.6054568422719374,0.0308733006576663,-0.078088277733272
GAB1,FOXK1,3.6471958118987775,0.1996314490886531,0.6643097004856371,0.0279930489379741,0.1326171081515968
AHNAK2,FRS2,7.180900133620568,0.1903226214411969,0.4121340649392072,0.0319705026119865,0.0784384356244464
ATXN2L,FRS2,6.144699019505984,0.0032099369972404,0.4121340649392072,0.0319705026119865,0.0013229243828714
CAVIN4,FRS2,3.732171167993656,-0.3138003290344054,0.4121340649392072,0.0319705026119865,-0.1293278051842102
CDC42BPA,FRS2,3.872278868643324,-0.0221104311358769,0.4121340649392072,0.0319705026119865,-0.0091124618615873
CLASP1,FRS2,4.5664386275118645,0.1147466930240135,0.4121340649392072,0.0319705026119865,0.047291021034318
EIF4B,FRS2,3.544865151159761,0.1819774373959604,0.4121340649392072,0.0319705026119865,0.0749991010012172
GPATCH8,FRS2,5.845093161844812,-0.1544098358921062,0.4121340649392072,0.0319705026119865,-0.0636375533328096
HUWE1,FRS2,10.826009197428595,0.3173898099500367,0.4121340649392072,0.0319705026119865,0.130807152544991
IRS2,FRS2,5.154122621224401,0.3909547321043,0.4121340649392072,0.0319705026119865,0.1611257629493639
KMT2D,FRS2,5.806655525277798,0.1223059919909027,0.4121340649392072,0.0319705026119865,0.0504064656456328
LMO7,FRS2,12.859146230775888,0.2021575853781205,0.4121340649392072,0.0319705026119865,0.0833160274201796
MDC1,FRS2,6.53708921874602,-0.0002493811719995,0.4121340649392072,0.0319705026119865,-0.0001027784761354
MIA2,FRS2,4.244703658137916,-0.2526487947088781,0.4121340649392072,0.0319705026119865,-0.1041251747653611
NACA,FRS2,5.473719468416439,0.2197645020850632,0.4121340649392072,0.0319705026119865,0.0905724375736579
NCOR2,FRS2,4.676370542363431,0.2764358260162392,0.4121340649392072,0.0319705026119865,0.1139286206709001
NES,FRS2,5.237222596004873,-0.0496447247533888,0.4121340649392072,0.0319705026119865,-0.0204602822154022
NHSL3,FRS2,3.85146869308058,0.3170582310029523,0.4121340649392072,0.0319705026119865,0.1306704975656809
NUMA1,FRS2,4.921183357665502,0.3438894553624551,0.4121340649392072,0.0319705026119865,0.1417285591282586
NUP214,FRS2,3.799801542384324,-0.0964565971664176,0.4121340649392072,0.0319705026119865,-0.0397530494803993
PCBP1,FRS2,3.831028535449888,0.2441657846805683,0.4121340649392072,0.0319705026119865,0.1006290373594738
PHLDB1,FRS2,3.720565961541867,-0.0514317015154093,0.4121340649392072,0.0319705026119865,-0.0211967562122856
PLEC,FRS2,4.393232897639146,-0.2269664163027107,0.4121340649392072,0.0319705026119865,-0.0935405917555205
PRRC2A,FRS2,6.453580926687108,-0.3612663447017829,0.4121340649392072,0.0319705026119865,-0.1488901671676746
PRRC2C,FRS2,4.94731275134756,0.1924741481938145,0.4121340649392072,0.0319705026119865,0.0793251530908281
RIF1,FRS2,3.499834628097432,0.0934838149395816,0.4121340649392072,0.0319705026119865,0.0385278646570743
SRRM2,FRS2,6.013760025452373,0.0425357481379428,0.4121340649392072,0.0319705026119865,0.0175304307853206
TCOF1,FRS2,8.546940353722567,-0.0556296961729645,0.4121340649392072,0.0319705026119865,-0.0229268928150969
TRIM28,FRS2,3.9216519448138416,-0.0409379063509146,0.4121340649392072,0.0319705026119865,-0.016871905754503
UBE4B,FRS2,5.476748059672868,-0.2086769318313639,0.4121340649392072,0.0319705026119865,-0.0860028721747018
GAB1,FXR2,1.85591262137328,-0.0373572901454947,0.6728509806208136,0.0213729307617724,-0.0251358893077324
AHCTF1,GAB1,4.96598030762022,0.1952329468957147,0.5686575685350829,0.0242523370508438,0.1110206928796561
AHNAK2,GAB1,9.869756832563278,0.0474056356243423,0.5686575685350829,0.0242523370508438,0.0269575734889986
ATXN2L,GAB1,5.464320338101502,0.2392937041783892,0.5686575685350829,0.0242523370508438,0.1360761759838362
CDC42BPA,GAB1,5.501535864666168,0.3120296386673862,0.5686575685350829,0.0242523370508438,0.1774380156354763
CLASP1,GAB1,6.511276578499871,0.1190232759743587,0.5686575685350829,0.0242523370508438,0.0676834867146589
GPATCH8,GAB1,7.130068439424447,-0.0062146614528202,0.5686575685350829,0.0242523370508438,-0.0035340142710294
HUWE1,GAB1,12.80104084064556,0.2342978809893831,0.5686575685350829,0.0242523370508438,0.1332352633163448
IRS2,GAB1,6.481436768257742,0.1242289105884942,0.5686575685350829,0.0242523370508438,0.0706437102370153
KMT2D,GAB1,7.655180075747269,-0.0746056728515824,0.5686575685350829,0.0242523370508438,-0.0424250805227047
LMO7,GAB1,17.863177464835456,-0.0743558980780703,0.5686575685350829,0.0242523370508438,-0.0422830442073179
MAP4,GAB1,4.461386422636097,0.2548894404500035,0.5686575685350829,0.0242523370508438,0.1449448094515668
MDC1,GAB1,8.808293807866692,-0.2676593442157303,0.5686575685350829,0.0242523370508438,-0.152206511877412
NCOR2,GAB1,6.681463763316215,-0.0764512535749915,0.5686575685350829,0.0242523370508438,-0.0434745839694137
NES,GAB1,5.269944492080032,0.0458939876344283,0.5686575685350829,0.0242523370508438,0.0260979634185731
NHSL3,GAB1,5.315202165013097,0.1515648611506166,0.5686575685350829,0.0242523370508438,0.086188505417267
NUMA1,GAB1,5.469199288177184,0.0324709423376959,0.5686575685350829,0.0242523370508438,0.018464847117797
NUP214,GAB1,5.275857075643957,-0.0604819751290399,0.5686575685350829,0.0242523370508438,-0.0343935329170792
PCBP1,GAB1,4.8510440115465645,-0.1467059217276677,0.5686575685350829,0.0242523370508438,-0.0834254327393537
PHLDB1,GAB1,4.773689220877646,0.0234071457666359,0.5686575685350829,0.0242523370508438,0.0133106505980014
PHRF1,GAB1,4.494150324867087,-0.2045152738057814,0.5686575685350829,0.0242523370508438,-0.1162991583306823
PLEC,GAB1,6.860728713282649,-0.0074386123558307,0.5686575685350829,0.0242523370508438,-0.0042300232155417
PRRC2A,GAB1,8.029874573780852,0.0621094555682553,0.5686575685350829,0.0242523370508438,0.0353190119864818
PRRC2C,GAB1,6.335090297912601,0.2251598044401224,0.5686575685350829,0.0242523370508438,0.1280388269247548
RIF1,GAB1,4.71034839579561,0.0912345430655174,0.5686575685350829,0.0242523370508438,0.0518812134260464
SRRM2,GAB1,7.046431741810069,-0.0413623941292748,0.5686575685350829,0.0242523370508438,-0.0235210384743432
TCOF1,GAB1,8.50839312313983,0.0068212239335127,0.5686575685350829,0.0242523370508438,0.0038789406164646
TJP1,GAB1,4.680683761387251,0.1330170529056554,0.5686575685350829,0.0242523370508438,0.0756411538790324
TNS1,GAB1,4.858208839640825,0.0658644640143056,0.5686575685350829,0.0242523370508438,0.0374543259592414
TRIM28,GAB1,4.568187560502747,0.2865445590671444,0.5686575685350829,0.0242523370508438,0.1629457322360797
ABLIM1,GAB1,9.276993873227912,0.0167653244460251,0.5070804259866749,0.0133792867130093,0.0085013678618952
APC,GAB1,6.378266195291939,0.0408068758933214,0.5070804259866749,0.0133792867130093,0.0206923680111708
ARPP19,GAB1,8.264192309962912,0.0701198241611492,0.5070804259866749,0.0133792867130093,0.0355563903057462
BAG3,GAB1,9.94210110230746,-0.0261607165557521,0.5070804259866749,0.0133792867130093,-0.0132655872952074
BRD8,GAB1,10.144200346774678,0.0766394292194038,0.5070804259866749,0.0133792867130093,0.0388623544159509
CALD1,GAB1,6.426174206178521,0.0634567233344497,0.5070804259866749,0.0133792867130093,0.0321776623001513
CAMSAP1,GAB1,6.845545864714518,0.0055778282661253,0.5070804259866749,0.0133792867130093,0.0028284075332673
CAST,GAB1,7.085584576527103,-0.103550705926153,0.5070804259866749,0.0133792867130093,-0.0525085360722546
CDK16,GAB1,7.607002939878437,-0.0711137330389615,0.5070804259866749,0.0133792867130093,-0.0360603820428993
CEP170B,GAB1,6.527965061169028,0.2564559398542978,0.5070804259866749,0.0133792867130093,0.1300437872281304
CLMN,GAB1,7.143021814591565,-0.1553028044459012,0.5070804259866749,0.0133792867130093,-0.0787510122353528
DMD,GAB1,6.596468885454095,0.022445597225812,0.5070804259866749,0.0133792867130093,0.0113817230027901
EIF4B,GAB1,8.028947660611149,0.1736478544636503,0.5070804259866749,0.0133792867130093,0.0880534280130999
MAP4K4,GAB1,6.728912990244968,-0.0189344926118113,0.5070804259866749,0.0133792867130093,-0.0096013105794388
MYH2,GAB1,7.984467119916644,0.1108534835176242,0.5070804259866749,0.0133792867130093,0.0562116316442237
MYH3,GAB1,19.8712259416883,-0.1319236525928068,0.5070804259866749,0.0133792867130093,-0.0668959019544785
PCBP2,GAB1,7.493251315538994,-0.0136196477727076,0.5070804259866749,0.0133792867130093,-0.006906256794373
PLEKHO2,GAB1,8.527438884931186,-0.1752730697861238,0.5070804259866749,0.0133792867130093,-0.0888775428911398
PPIG,GAB1,7.478422144109211,0.0249746323887917,0.5070804259866749,0.0133792867130093,0.0126641472305691
PRAG1,GAB1,6.877282869549997,0.059615350122417,0.5070804259866749,0.0133792867130093,0.0302297771354199
SIK3,GAB1,6.423855197494668,0.0457963192882861,0.5070804259866749,0.0133792867130093,0.0232224170933258
SVIL,GAB1,7.379959157851253,0.0378009622292567,0.5070804259866749,0.0133792867130093,0.0191681280299177
TNNT3,GAB1,6.5263768241300015,0.0066072982387094,0.5070804259866749,0.0133792867130093,0.0033504316055057
USP24,GAB1,6.916802500178056,-0.0173861693153746,0.5070804259866749,0.0133792867130093,-0.0088161861427166
XIRP1,GAB1,11.596684489520968,0.0134678054544116,0.5070804259866749,0.0133792867130093,0.0068292605269287
GAB1,GPAT3,16.587628877915208,-0.117692521773326,0.2416860476169181,0.0585420191799128,-0.0284446404214632
GAB1,GPATCH8,2.3545410698107183,-0.0265043302603708,0.8186471869909402,0.0133189881162257,-0.0216976954107314
GAB1,H1,1.6905495936950663,-0.0208508343704918,0.4806409350874362,0.0237332705147503,-0.0100217645291864
GAB1,HIRIP3,2.195834216143819,0.0057426037365204,0.4778300215382984,0.0267151139523233,0.0027439884671074
GAB1,HNRNPC,4.671769437650999,-0.0661838745259142,0.6192705571604599,0.0168351364663945,-0.0409857248527009
GAB1,HNRNPD,4.460573282414569,-0.0150285485607208,0.6365882611004502,0.0135316275924805,-0.0095669975951329
GAB1,HNRNPUL2,3.81999499884877,-0.0498144340268962,0.5766841639632638,0.035329622578353,-0.0287271952401038
GAB1,HNRNPU,1.8120911175936945,0.1554498205856255,0.7320046736846043,0.0188884941465419,0.113789995192111
GAB1,HTATSF1,2.71498807837818,-0.0821933955635419,0.5002723074729765,0.0304351285644472,-0.0411190796576122
GAB1,HTT,1.901533213887137,-0.0230034927428154,0.6184503204216238,0.0263533192921271,-0.0142265174576107
GAB1,HUWE1,1.8762510486503925,0.0600723552819575,0.7724711454619306,0.0161376012703975,0.0464041610952497
GAB1,IGF2R,1.5856654582194487,0.212238739844078,0.7626045431917163,0.0163250265090428,0.1618542272463786
GAB1,IL17RA,20.492616629439105,0.04439559246768,0.6857655967091574,0.0076834698928867,0.0304449699598551
GAB1,IRF2BP1,1.8772549502203573,0.0589116560088249,0.5067182365074309,0.0297859992149736,0.0298516104425241
GAB1,IRF2BP2,3.418254223490285,0.3418135480445259,0.6292544213787435,0.0306743394609747,0.2150876863941735
GAB1,IRF2BPL,1.7412332091090628,0.0344710952523675,0.5561514099886107,0.0232102002496547,0.0191711482284559
ABLIM1,IRS1,3.0264344130074288,0.0370440790671043,0.5140606195831684,0.0299562292164681,0.0190429022371235
AHCTF1,IRS1,3.095312106401964,0.104764418466009,0.5140606195831684,0.0299562292164681,0.0538552618669069
AHNAK2,IRS1,4.264719090346934,0.274027613414591,0.5140606195831684,0.0299562292164681,0.1408668047348016
ANKRD17,IRS1,1.4677254014972112,0.1343467885909358,0.5140606195831684,0.0299562292164681,0.0690623933820654
ARHGAP11A,IRS1,1.5829158659911382,0.0135809229377716,0.5140606195831684,0.0299562292164681,0.0069814176599021
ARHGEF2,IRS1,1.4384808076687248,0.0596571841173244,0.5140606195831684,0.0299562292164681,0.0306674090299389
ARPP19,IRS1,1.9757786639788784,-0.0373733971673587,0.5140606195831684,0.0299562292164681,-0.0192121917037802
ASXL2,IRS1,2.0107954858934263,-0.121420684453407,0.5140606195831684,0.0299562292164681,-0.0624175922803308
ATG9A,IRS1,1.4450894290521208,0.0097349501967018,0.5140606195831684,0.0299562292164681,0.0050043545297278
ATXN2L,IRS1,2.9955832431047247,-0.0978093432074824,0.5140606195831684,0.0299562292164681,-0.0502799315702611
BAG3,IRS1,3.027397788719897,-0.0352537196358853,0.5140606195831684,0.0299562292164681,-0.0181225489586345
BRD8,IRS1,2.221751362799536,-0.2593041042308071,0.5140606195831684,0.0299562292164681,-0.1332980284813471
CALD1,IRS1,2.2891663030759264,-0.0200883375830012,0.5140606195831684,0.0299562292164681,-0.0103266232643134
CDC42BPA,IRS1,2.488296219494081,0.2687815655043291,0.5140606195831684,0.0299562292164681,0.1381700180956894
CHD4,IRS1,1.710668699667918,-0.1714881603637982,0.5140606195831684,0.0299562292164681,-0.0881553099677918
CLASP1,IRS1,3.462004235118924,0.0413341380152893,0.5140606195831684,0.0299562292164681,0.0212482525980758
DPYSL2,IRS1,1.4095902177070314,-0.0118054823374456,0.5140606195831684,0.0299562292164681,-0.0060687335648654
EIF3A,IRS1,1.5454533573803024,0.1511685738763768,0.5140606195831684,0.0299562292164681,0.0777098107483942
EIF4B,IRS1,3.053188525322108,0.0385386958959582,0.5140606195831684,0.0299562292164681,0.0198112258902036
EIF4B,IRS1,2.154694803248647,-0.4174904405202709,0.5140606195831684,0.0299562292164681,-0.2146153945239004
GPATCH8,IRS1,4.936836916084686,-0.0236393874505464,0.5140606195831684,0.0299562292164681,-0.0121520781593944
HDGFL2,IRS1,1.4458073879260906,0.1738330050468819,0.5140606195831684,0.0299562292164681,0.0893607022784041
HUWE1,IRS1,7.713607595311501,-0.3602097494126471,0.5140606195831684,0.0299562292164681,-0.1851696469629632
IRS2,IRS1,2.949755236703947,0.0090018580576321,0.5140606195831684,0.0299562292164681,0.0046275007305061
KMT2D,IRS1,3.4449749407195736,-0.1517065179654786,0.5140606195831684,0.0299562292164681,-0.077986346620139
KRT18,IRS1,1.4581177322133516,0.2120458605781295,0.5140606195831684,0.0299562292164681,0.1090044264688394
LMNA,IRS1,1.6431939564415892,0.0291592783724295,0.5140606195831684,0.0299562292164681,0.0149896367067291
LMO7,IRS1,7.71290220334197,-0.0917078486266642,0.5140606195831684,0.0299562292164681,-0.0471433934856624
MAP1B,IRS1,1.5222764897322243,0.1732688659481034,0.5140606195831684,0.0299562292164681,0.0890707005837549
MAP1S,IRS1,3.0383636679466512,0.0397504037191678,0.5140606195831684,0.0299562292164681,0.0204341171645564
MAP4,IRS1,1.878544363278585,-0.0023630336570878,0.5140606195831684,0.0299562292164681,-0.0012147425458584
MAP7,IRS1,1.4170029961382051,0.0446165002652221,0.5140606195831684,0.0299562292164681,0.0229355857699726
MAST4,IRS1,1.8175238610129032,-0.1498880450859436,0.5140606195831684,0.0299562292164681,-0.07705154132499
MDC1,IRS1,3.987765230140669,-0.0683034206340403,0.5140606195831684,0.0299562292164681,-0.0351120987307845
MIA2,IRS1,1.717475982390066,0.0177496763997287,0.5140606195831684,0.0299562292164681,0.0091244096474453
MINK1,IRS1,1.6555335308232848,0.0907430203919941,0.5140606195831684,0.0299562292164681,0.0466474132855565
MYH3,IRS1,3.922489198835392,-0.0816622486950073,0.5140606195831684,0.0299562292164681,-0.0419793461607102
MYO9B,IRS1,1.6411775867087135,-0.2070445496200571,0.5140606195831684,0.0299562292164681,-0.1064334494590046
NCL,IRS1,2.45052340346376,-0.2764253766993761,0.5140606195831684,0.0299562292164681,-0.142099400414592
NCOR2,IRS1,2.676417266235008,-0.0970523213345007,0.5140606195831684,0.0299562292164681,-0.0498907764371982
NELFA,IRS1,1.434229304056735,0.067423268646905,0.5140606195831684,0.0299562292164681,0.0346596472549504
NES,IRS1,2.387157611917965,0.0592883702238954,0.5140606195831684,0.0299562292164681,0.0304778163313719
NHSL3,IRS1,2.484680733261807,0.2811700307731203,0.5140606195831684,0.0299562292164681,0.1445384402274487
NOLC1,IRS1,1.7047619100339175,0.112489377089542,0.5140606195831684,0.0299562292164681,0.0578263588831746
NUMA1,IRS1,2.933785279029137,0.0859250549059838,0.5140606195831684,0.0299562292164681,0.0441706869626878
NUP214,IRS1,2.353590192257808,-0.0549635662235657,0.5140606195831684,0.0299562292164681,-0.0282546049073866
PARN,IRS1,1.674891168676472,-0.230245672310223,0.5140606195831684,0.0299562292164681,-0.1183602329641364
PCBP1,IRS1,2.521172176079644,-0.2111717644152478,0.5140606195831684,0.0299562292164681,-0.1085550880537731
PCBP2,IRS1,2.386556665018425,0.0193989054848964,0.5140606195831684,0.0299562292164681,0.0099722133728011
PHKA1,IRS1,1.4845899712116917,0.2657199034163449,0.5140606195831684,0.0299562292164681,0.1365961381857859
PHLDB1,IRS1,1.944928985524429,-0.019716583104821,0.5140606195831684,0.0299562292164681,-0.0101355189269273
PHRF1,IRS1,2.13243109564973,0.0138188704177461,0.5140606195831684,0.0299562292164681,0.0071037370888861
PLEC,IRS1,3.2138296074040023,0.0872590607143963,0.5140606195831684,0.0299562292164681,0.0448564468150879
PLEKHA5,IRS1,2.157277288503122,-0.1111772903680938,0.5140606195831684,0.0299562292164681,-0.0571518667702001
PLEKHO2,IRS1,1.630408387571369,0.0587805689950382,0.5140606195831684,0.0299562292164681,0.0302167757170405
PPIG,IRS1,2.656481679920628,0.16075634578813,0.5140606195831684,0.0299562292164681,0.0826385067177721
PRAG1,IRS1,1.4754537330330426,0.2184373688251321,0.5140606195831684,0.0299562292164681,0.1122900491583644
PRRC2A,IRS1,4.81480230148751,0.4650425627419175,0.5140606195831684,0.0299562292164681,0.2390600679356546
PRRC2C,IRS1,3.536595273461167,-0.0418566615336478,0.5140606195831684,0.0299562292164681,-0.02151686136167
RANBP3,IRS1,1.741658840736206,0.0831424655279883,0.5140606195831684,0.0299562292164681,0.0427402673429898
RASAL2,IRS1,1.426860359046115,0.0258718770457256,0.5140606195831684,0.0299562292164681,0.0132997131439053
RBM10,IRS1,1.4958807523432025,-0.1128550445235213,0.5140606195831684,0.0299562292164681,-0.0580143341108474
RIF1,IRS1,2.5775581455356305,-0.1261571979320435,0.5140606195831684,0.0299562292164681,-0.0648524473338227
RSL1D1,IRS1,1.4635640547529554,-0.0549154906360866,0.5140606195831684,0.0299562292164681,-0.0282298911411004
RTN4,IRS1,1.4247911883129996,-0.1246468918927453,0.5140606195831684,0.0299562292164681,-0.0640760584755009
SERBP1,IRS1,1.478634147288473,-0.0098797673829551,0.5140606195831684,0.0299562292164681,-0.0050787993422195
SON,IRS1,1.542282274186003,-0.0858378351223635,0.5140606195831684,0.0299562292164681,-0.04412585070668
SRGAP1,IRS1,1.640011896649628,-0.302791034033504,0.5140606195831684,0.0299562292164681,-0.1556529465594913
SRRM2,IRS1,3.1108423136230066,0.1384642709928527,0.5140606195831684,0.0299562292164681,0.0711790289367175
SVIL,IRS1,1.640959784515676,0.0743934964422849,0.5140606195831684,0.0299562292164681,0.0382427668740792
SYNPO,IRS1,1.636774320676316,0.0831272059556,0.5140606195831684,0.0299562292164681,0.0427324229977534
TCOF1,IRS1,4.920772983168545,-0.0092309796153981,0.5140606195831684,0.0299562292164681,-0.0047452831004511
THRAP3,IRS1,1.5574789287638902,-0.0485691374060363,0.5140606195831684,0.0299562292164681,-0.024967480867567
TJP1,IRS1,2.1532670172299064,-0.1344288953004734,0.5140606195831684,0.0299562292164681,-0.0691046012080422
TNS2,IRS1,1.4744458417222788,0.1016924765352273,0.5140606195831684,0.0299562292164681,0.0522760974946458
TRIM28,IRS1,2.3741023045124785,0.3880656091654492,0.5140606195831684,0.0299562292164681,0.1994892474865105
UBE4B,IRS1,1.580851827434993,-0.0354433122989324,0.5140606195831684,0.0299562292164681,-0.0182200110804689
USP10,IRS1,1.7908345563846155,0.098140886459022,0.5140606195831684,0.0299562292164681,0.0504503648995662
USP24,IRS1,2.4047667797985603,0.2582938655488213,0.5140606195831684,0.0299562292164681,0.1327787045585587
WIZ,IRS1,1.4479625518826558,-0.0681901291007068,0.5140606195831684,0.0299562292164681,-0.0350538600149656
XIRP1,IRS1,1.5267698229073416,0.1388568417554579,0.5140606195831684,0.0299562292164681,0.0713808341061727
GAB1,IRS2,1.9662776791483936,-0.0456713317615249,0.5908975607112982,0.0296539223208397,-0.0269870785323215
GAB1,IWS1,1.682813633814579,0.0621094196723359,0.7787986030468048,0.0152330793685194,0.0483707292768629
GAB1,KIAA1143,1.7810781435417296,-0.2420540085531816,0.5352725301272903,0.0335431649800648,-0.1295648615857142
GAB1,KPNA3,1.9165116191712628,0.0661631121666752,0.5217537266729669,0.0285231805379731,0.0345208503412443
MITF,KRI1,23.115612154968023,-0.1229863176747206,0.3248476359711542,0.0423372920950093,-0.0399518145534303
GAB1,KRT18,20.79433607452152,0.1331360985790837,0.5444115568249284,0.0480091419459975,0.0724808306970361
GAB1,LARP1,2.9057489069757776,0.1258388528951299,0.7182921141228531,0.020596827261648,0.0903890556848375
GAB1,LMNA,1.9020757592129325,0.1008562633748246,0.7996821521444447,0.0142957520348876,0.0806529537528267
GAB1,LMO7,2.684600504847438,0.1882325084525362,0.7351147897852732,0.0205461884438476,0.1383725008818408
RAF1,MAK16,25.244304064273177,-0.2095210646165324,0.3176574877347072,0.0269545889760682,-0.0665559350135889
GAB1,MAP1B,1.2962664992554662,-0.0141294456261911,0.7028764562123238,0.0162020755559716,-0.0099312546699819
ABLIM1,MAP2K2,2.6333168352875336,0.0681879606023065,0.6483829005773398,0.0242527772335894,0.0442119076797768
AHCTF1,MAP2K2,2.9400313250442736,-0.1602954377706854,0.6483829005773398,0.0242527772335894,-0.1039328208910714
AHNAK2,MAP2K2,4.727258197319968,-0.0907227376317027,0.6483829005773398,0.0242527772335894,-0.0588230717739603
ARHGEF2,MAP2K2,1.7258676971440852,0.0991343019218504,0.6483829005773398,0.0242527772335894,0.0642769862267991
ARID1B,MAP2K2,1.75846068633914,-0.2395600940008377,0.6483829005773398,0.0242527772335894,-0.1553266686108433
ASXL2,MAP2K2,2.277813336077448,0.2515847337152263,0.6483829005773398,0.0242527772335894,0.1631232393872561
ATG9A,MAP2K2,1.8021026343609483,0.1844768461687349,0.6483829005773398,0.0242527772335894,0.119611632608244
ATXN2L,MAP2K2,3.315719992346768,-0.0718691457639516,0.6483829005773398,0.0242527772335894,-0.0465987251924466
BAG3,MAP2K2,2.5432693640181125,-0.0249750173617864,0.6483829005773398,0.0242527772335894,-0.0161933741990045
CALD1,MAP2K2,1.990941365091531,-0.0267195033170212,0.6483829005773398,0.0242527772335894,-0.017324469062676
CDC42BPA,MAP2K2,2.9090371834427056,-0.0700117510261355,0.6483829005773398,0.0242527772335894,-0.0453944222048243
CHD4,MAP2K2,1.6880666248305534,-0.0995142322392453,0.6483829005773398,0.0242527772335894,-0.0645233265480089
CLASP1,MAP2K2,3.797740811813488,0.3639367923616632,0.6483829005773398,0.0242527772335894,0.2359703930582682
DPYSL2,MAP2K2,2.005253686537855,0.1355563896583516,0.6483829005773398,0.0242527772335894,0.0878924451184741
EIF4B,MAP2K2,2.642835017127809,0.090836532791668,0.6483829005773398,0.0242527772335894,0.0588968546098503
EIF4B,MAP2K2,2.5247231359825166,0.2259993191809808,0.6483829005773398,0.0242527772335894,0.1465340940990684
EIF4G1,MAP2K2,1.8695037107828048,0.0612434238690018,0.6483829005773398,0.0242527772335894,0.0397091888094709
GPATCH8,MAP2K2,4.663921603948732,-0.2748522020359177,0.6483829005773398,0.0242527772335894,-0.1782094679861173
HDGFL2,MAP2K2,2.0664798455892783,-0.1216108228171528,0.6483829005773398,0.0242527772335894,-0.0788503780397825
HUWE1,MAP2K2,6.569924375255939,0.1306693477460357,0.6483829005773398,0.0242527772335894,0.0847237707081237
IRS2,MAP2K2,3.498117574442602,0.0799876310253651,0.6483829005773398,0.0242527772335894,0.0518626122145363
KMT2D,MAP2K2,4.257839593929315,-0.0765704963371155,0.6483829005773398,0.0242527772335894,-0.0496470005137055
LMNA,MAP2K2,2.0403526861632515,-0.2571524706856487,0.6483829005773398,0.0242527772335894,-0.1667332648337902
LMO7,MAP2K2,8.220801477467884,-0.0514884828089064,0.6483829005773398,0.0242527772335894,-0.0333842518299652
MAP1S,MAP2K2,2.326186289259023,-0.196896364661398,0.6483829005773398,0.0242527772335894,-0.1276642360322908
MAP4,MAP2K2,2.2927820225501274,0.0215459721575283,0.6483829005773398,0.0242527772335894,0.0139700399232568
MAST4,MAP2K2,2.091742680808992,0.1644977507085448,0.6483829005773398,0.0242527772335894,0.1066575287428544
MDC1,MAP2K2,4.195377872088815,0.0681355812168269,0.6483829005773398,0.0242527772335894,0.0441779457818891
MIA2,MAP2K2,1.95395681094554,0.1951954390174999,0.6483829005773398,0.0242527772335894,0.1265613849296338
MYH3,MAP2K2,3.264439805362846,-0.3418251743542965,0.6483829005773398,0.0242527772335894,-0.2216335980381936
MYO9B,MAP2K2,1.7484248884846003,0.1738473183114345,0.6483829005773398,0.0242527772335894,0.11271962850436
NCL,MAP2K2,2.103748454152793,0.0429802000911856,0.6483829005773398,0.0242527772335894,0.0278676268025173
NCOR2,MAP2K2,3.4679150419167137,-0.2001453995686354,0.6483829005773398,0.0242527772335894,-0.1297708547095225
NES,MAP2K2,2.639465740257531,-0.0028367596671433,0.6483829005773398,0.0242527772335894,-0.0018393064612232
NHSL3,MAP2K2,3.0203246378286104,0.099027665329666,0.6483829005773398,0.0242527772335894,0.0642078448838509
NUMA1,MAP2K2,3.354777129044622,0.0122939861367181,0.6483829005773398,0.0242527772335894,0.0079712103909829
NUP214,MAP2K2,2.658682251782444,-0.0945448392952995,0.6483829005773398,0.0242527772335894,-0.0613012571369048
PCBP1,MAP2K2,2.551885180472696,0.11557331188137,0.6483829005773398,0.0242527772335894,0.0749357591869722
PCBP2,MAP2K2,2.0508697291600315,-0.0191721647686377,0.6483829005773398,0.0242527772335894,-0.012430903803036
PHLDB1,MAP2K2,2.633166725837188,-0.1142463261702675,0.6483829005773398,0.0242527772335894,-0.0740753643425829
PHRF1,MAP2K2,2.945988126337262,0.1771357971257561,0.6483829005773398,0.0242527772335894,0.1148518219364769
PLEC,MAP2K2,3.827189611668493,0.2524745081148618,0.6483829005773398,0.0242527772335894,0.1637001538933511
PLEKHA5,MAP2K2,2.334862285144353,-0.0538073343472306,0.6483829005773398,0.0242527772335894,-0.0348877555163921
PPIG,MAP2K2,2.278297265562884,0.1250245408398526,0.6483829005773398,0.0242527772335894,0.0810637744330937
PPIG,MAP2K2,1.9680625366717657,-0.0257658898876947,0.6483829005773398,0.0242527772335894,-0.0167061624213398
PRRC2A,MAP2K2,4.626722294303596,0.0398783276348779,0.6483829005773398,0.0242527772335894,0.0258564257420756
PRRC2C,MAP2K2,3.915980671129538,-0.1107826685478413,0.6483829005773398,0.0242527772335894,-0.0718295879667474
RASAL2,MAP2K2,1.84184645524541,0.0764300904952875,0.6483829005773398,0.0242527772335894,0.0495559637667231
RBM10,MAP2K2,2.8878448738440285,-0.0799792907865077,0.6483829005773398,0.0242527772335894,-0.0518572045462743
RIF1,MAP2K2,2.7605293652833787,0.2268415071081332,0.6483829005773398,0.0242527772335894,0.1470801543501066
SORBS3,MAP2K2,1.7025466895748889,0.0661586599622997,0.6483829005773398,0.0242527772335894,0.0428961438446658
SPAG9,MAP2K2,1.835351144979756,-0.1114973506159268,0.6483829005773398,0.0242527772335894,-0.0722929755990432
SRGAP1,MAP2K2,2.1197370645143354,0.3189917913339622,0.6483829005773398,0.0242527772335894,0.206828822925476
SRRM2,MAP2K2,3.708471005929683,0.2978340351697165,0.6483829005773398,0.0242527772335894,0.1931104956139942
TCOF1,MAP2K2,5.444449470864941,-0.1728809106158269,0.6483829005773398,0.0242527772335894,-0.1120930262795416
TJP1,MAP2K2,2.339750301314139,-0.0911184432237897,0.6483829005773398,0.0242527772335894,-0.0590796405135324
TNS2,MAP2K2,1.8306769077056213,0.0854483951263871,0.6483829005773398,0.0242527772335894,0.0554032782817255
TP53BP1,MAP2K2,1.9960197488648552,-0.0821014993793416,0.6483829005773398,0.0242527772335894,-0.0532332083093261
TRIM28,MAP2K2,2.54024234984866,-0.2310265875948827,0.6483829005773398,0.0242527772335894,-0.1497936889752549
UBE4B,MAP2K2,1.8646420632159373,0.0179225791811976,0.6483829005773398,0.0242527772335894,0.0116206938753319
USP10,MAP2K2,2.315534775017438,-0.228311006016334,0.6483829005773398,0.0242527772335894,-0.1480329523146011
USP24,MAP2K2,1.884266770670718,0.350158488588629,0.6483829005773398,0.0242527772335894,0.2270367764928726
WIZ,MAP2K2,2.285868800984777,0.0384480788115803,0.6483829005773398,0.0242527772335894,0.0249290768614785
GAB1,MAP4K5,2.0844300408472165,-0.0495688201578386,0.4951884259451106,0.0368469691853132,-0.0245459060299164
GAB1,MAPK1IP1L,18.01630490383878,-0.1040847910442835,0.5268462606711418,0.0369366309380231,-0.0548366829544179
ARHGAP11A,MAPK1,9.765273758558688,-0.0871385708310081,0.6931781354639303,0.0229898907441749,-0.0604025520556298
CCDC88C,MAPK1,10.064289043136869,0.2478623225682027,0.6931781354639303,0.0229898907441749,0.1718127426095859
CDC42BPA,MAPK1,15.136111173512871,0.3208380326172894,0.6931781354639303,0.0229898907441749,0.2223979092355683
CIC,MAPK1,8.76401275929906,0.1309892151864105,0.6931781354639303,0.0229898907441749,0.0907988599487995
EIF4B,MAPK1,10.395920021849008,-0.1307951671914216,0.6931781354639303,0.0229898907441749,-0.0906643501214426
EIF4G1,MAPK1,9.844779292400192,0.0508844956332947,0.6931781354639303,0.0229898907441749,0.0352720198071097
HDGFL2,MAPK1,10.528359278779588,-0.0038691794511883,0.6931781354639303,0.0229898907441749,-0.00268203059775
HUWE1,MAPK1,9.048510782470515,0.2364473219629666,0.6931781354639303,0.0229898907441749,0.1639001137737288
KMT2B,MAPK1,8.809184112069032,-0.2282831841115441,0.6931781354639303,0.0229898907441749,-0.1582409119202092
KMT2D,MAPK1,16.893166682819974,-0.150045690752488,0.6931781354639303,0.0229898907441749,-0.1040083921502071
LMNA,MAPK1,14.40387589759931,-0.3179589630863602,0.6931781354639303,0.0229898907441749,-0.2204022011862478
LMO7,MAPK1,32.89235074872435,0.0910119460093935,0.6931781354639303,0.0229898907441749,0.0630874910397353
MAP4,MAPK1,17.4578124391353,0.1946731217537119,0.6931781354639303,0.0229898907441749,0.1349431515621807
MARK2,MAPK1,9.99482181489336,0.0974325821538758,0.6931781354639303,0.0229898907441749,0.0675381356308598
MARK3,MAPK1,10.350512501710718,-0.0540403096666688,0.6931781354639303,0.0229898907441749,-0.0374595610946349
MDC1,MAPK1,17.06506647963376,-0.0922966213457724,0.6931781354639303,0.0229898907441749,-0.0639779998940829
MED1,MAPK1,11.843598639507205,-0.0323326284303833,0.6931781354639303,0.0229898907441749,-0.0224122710900211
MTCL1,MAPK1,9.03915449148372,-0.2527713071374478,0.6931781354639303,0.0229898907441749,-0.1752155433803165
MYO18A,MAPK1,9.010161879124684,0.0957802078840539,0.6931781354639303,0.0229898907441749,0.0663927459154161
NASP,MAPK1,9.045843091159645,0.1717237384887271,0.6931781354639303,0.0229898907441749,0.1190351408605114
NCOR2,MAPK1,19.958959886162383,0.0003545697183194,0.6931781354639303,0.0229898907441749,0.0002457799762366
NHSL1,MAPK1,10.859070335146948,0.0285881467311792,0.6931781354639303,0.0229898907441749,0.019816678247488
NHSL3,MAPK1,14.074151874414884,0.1432571559643448,0.6931781354639303,0.0229898907441749,0.09930272826323
NUMA1,MAPK1,12.57060650789492,0.3876436009265954,0.6931781354639303,0.0229898907441749,0.2687060685148212
NUP214,MAPK1,14.019365789734913,0.0999495287827296,0.6931781354639303,0.0229898907441749,0.0692828280021109
PARD3,MAPK1,9.224594090298872,0.174097941571258,0.6931781354639303,0.0229898907441749,0.1206808865264729
PHACTR4,MAPK1,14.455744154059529,0.2312866935784688,0.6931781354639303,0.0229898907441749,0.1603228790123404
PHIP,MAPK1,11.622301110077377,0.0730561957531992,0.6931781354639303,0.0229898907441749,0.0506409575562905
PHLDB1,MAPK1,16.05373597016934,0.0713875933212871,0.6931781354639303,0.0229898907441749,0.0494843188337071
PHRF1,MAPK1,16.39202937008199,-0.0222192373902118,0.6931781354639303,0.0229898907441749,-0.0154018895455774
PLEC,MAPK1,22.70550625592337,0.1994050287939895,0.6931781354639303,0.0229898907441749,0.1382232060615489
PLEKHA5,MAPK1,12.132617007879723,-0.1454723268049088,0.6931781354639303,0.0229898907441749,-0.1008382362562262
POGZ,MAPK1,8.816014479359806,-0.1611302869336727,0.6931781354639303,0.0229898907441749,-0.1116919918634513
RASAL2,MAPK1,14.40298349658016,0.1357657831523352,0.6931781354639303,0.0229898907441749,0.094109872425336
RIF1,MAPK1,10.506641961291605,0.28444218969766,0.6931781354639303,0.0229898907441749,0.1971691067019015
SCAF11,MAPK1,11.534493398429053,-0.1130754714192857,0.6931781354639303,0.0229898907441749,-0.0783814444451254
SEC16A,MAPK1,9.07367866286082,-0.0733005320345194,0.6931781354639303,0.0229898907441749,-0.0508103261242022
SPTBN1,MAPK1,9.090888964195337,0.0823330749214752,0.6931781354639303,0.0229898907441749,0.0570714873610802
SRRM2,MAPK1,21.504930734894764,0.103005379833202,0.6931781354639303,0.0229898907441749,0.0714010771355329
SSH1,MAPK1,10.672064744217977,-0.4239589403965746,0.6931781354639303,0.0229898907441749,-0.2938790678173612
SYNRG,MAPK1,9.221367334058003,-0.065552093053012,0.6931781354639303,0.0229898907441749,-0.0454392776382449
TJP1,MAPK1,16.43428605438752,-0.019626254153592,0.6931781354639303,0.0229898907441749,-0.0136044902603281
TNRC6B,MAPK1,9.39791631471157,-0.0797096760815854,0.6931781354639303,0.0229898907441749,-0.0552530046446672
TNS2,MAPK1,11.916856963364326,-0.0320218681743338,0.6931781354639303,0.0229898907441749,-0.0221968588751564
TP53BP1,MAPK1,13.439047325255087,0.2459881405947788,0.6931781354639303,0.0229898907441749,0.1705136006437279
TRIM28,MAPK1,14.839845965062135,0.1384885572205952,0.6931781354639303,0.0229898907441749,0.095997239877262
TRPM7,MAPK1,8.832096254624222,-0.2514004633887604,0.6931781354639303,0.0229898907441749,-0.174265304466589
WASHC2A,MAPK1,14.951466880804634,0.1868031625824453,0.6931781354639303,0.0229898907441749,0.1294878679376648
WIZ,MAPK1,9.115677134296522,-0.0420595110009448,0.6931781354639303,0.0229898907441749,-0.0291547334141595
ABRA,MAPK3,31.86700276950797,-0.2559942127532509,0.3722965577082777,0.0287420767181146,-0.0953057642012758
ACTC1,MAPK3,50.55934670754406,-0.1900534782828339,0.3722965577082777,0.0287420767181146,-0.070756255745184
CKM,MAPK3,74.53805715170893,-0.2106107904165972,0.3722965577082777,0.0287420767181146,-0.0784096722883187
CMYA5,MAPK3,72.24033755398833,0.3539779228797836,0.3722965577082777,0.0287420767181146,0.1317847621928696
LMO7,MAPK3,80.46891820136521,-0.077873855987776,0.3722965577082777,0.0287420767181146,-0.0289921685197191
MYCT1,MAPK3,29.50259363660468,-0.3206385915213285,0.3722965577082777,0.0287420767181146,-0.1193726438918211
MYH1,MAPK3,190.9507992701552,0.0409383649549554,0.3722965577082777,0.0287420767181146,0.0152412123509351
MYH7,MAPK3,38.44146927157531,0.0200464059812764,0.3722965577082777,0.0287420767181146,0.0074632079412518
MYOZ2,MAPK3,32.28498036036215,0.2211396476936906,0.3722965577082777,0.0287420767181146,0.0823295296091823
PLN,MAPK3,30.897781621840814,0.2112783748375642,0.3722965577082777,0.0287420767181146,0.0786582116702243
PROB1,MAPK3,52.82286350027701,-0.1286031052778248,0.3722965577082777,0.0287420767181146,-0.0478784934055294
SAMM50,MAPK3,81.08282527415064,-0.0407850257557651,0.3722965577082777,0.0287420767181146,-0.0151841246949148
SLC2A4,MAPK3,44.10749566155084,1.3322676295501878e-15,0.3722965577082777,0.0287420767181146,4.959986524277019e-16
STYXL2,MAPK3,45.59862657629184,0.0092588981642267,0.3722965577082777,0.0287420767181146,0.003447055914713
TXLNB,MAPK3,43.31697312561183,-0.1707145376578021,0.3722965577082777,0.0287420767181146,-0.0635564347207598
GAB1,MAPT,2.669816954221098,0.1220394585613362,0.7735216621429857,0.0161506398178932,0.0944001648333948
GAB1,MARCKS,1.933693259046304,-0.0161849317802514,0.5351460220691919,0.0312950430117474,-0.0086613018596628
GAB1,MAVS,3.800669237268349,-0.058424887969354,0.598636090717061,0.0186216927600872,-0.0349752465345563
GAB1,MCRIP2,19.96268457833319,-0.0242239855613771,0.5038111157094904,0.0132886729201404,-0.012204313192608
GAB1,MED19,31.96172527721643,-0.1482199372605198,0.482857707290181,0.0189262325315304,-0.0715691390803091
GAB1,MED1,2.615655299530357,-0.0443738293241618,0.6574229050299036,0.0261240721516344,-0.0291723717815916
ABLIM1,MEF2A,4.5640937110878586,-0.0740690727178167,0.6351903487543487,0.0172853529501989,-0.0470479601315412
ANKRD17,MEF2A,2.4223553930107093,-0.3785195831510339,0.6351903487543487,0.0172853529501989,-0.2404319860320559
ARPP19,MEF2A,2.891856799237625,-0.0319939746577567,0.6351903487543487,0.0172853529501989,-0.0203222639208982
BAG3,MEF2A,4.043436022409538,0.0588175317246624,0.6351903487543487,0.0172853529501989,0.0373603284890583
BCOR,MEF2A,2.971914443633629,-0.0042844683175939,0.6351903487543487,0.0172853529501989,-0.0027214529248794
BRD8,MEF2A,3.5682296296864258,0.0500115117585299,0.6351903487543487,0.0172853529501989,0.0317668295956328
CALD1,MEF2A,3.617191114187408,-0.0403690825626033,0.6351903487543487,0.0172853529501989,-0.025642051631833
CAST,MEF2A,3.3380133530179448,0.1021544895444084,0.6351903487543487,0.0172853529501989,0.0648875458405352
CEP170B,MEF2A,2.28292213612516,-0.0170473922083958,0.6351903487543487,0.0172853529501989,-0.0108283390022031
DMD,MEF2A,2.7100220434403246,0.1764493636234096,0.6351903487543487,0.0172853529501989,0.1120789328174364
EIF3A,MEF2A,2.6154677274489804,-0.063344049285502,0.6351903487543487,0.0172853529501989,-0.0402355287571706
EIF4B,MEF2A,5.589737169097981,0.026872329739886,0.6351903487543487,0.0172853529501989,0.01706904449932
GPATCH8,MEF2A,2.778042353629968,0.0507299295434352,0.6351903487543487,0.0172853529501989,0.0322231616389781
HUWE1,MEF2A,3.5611671885442244,0.1261953251227134,0.6351903487543487,0.0172853529501989,0.0801580525758647
LMO7,MEF2A,3.8510597332361978,0.1286380229873224,0.6351903487543487,0.0172853529501989,0.0817096306843872
MAP1B,MEF2A,2.4896360098207944,-0.0302387424907503,0.6351903487543487,0.0172853529501989,-0.0192073573885926
MAP1S,MEF2A,4.185272060586066,0.1363814145137868,0.6351903487543487,0.0172853529501989,0.0866281582486236
MINK1,MEF2A,2.7347394557972367,0.0614785497300109,0.6351903487543487,0.0172853529501989,0.0390505814439172
MYCT1,MEF2A,2.300329114095344,0.1244743345765803,0.6351903487543487,0.0172853529501989,0.0790648959906635
MYH3,MEF2A,4.147305839687737,0.0823463031839337,0.6351903487543487,0.0172853529501989,0.0523055770380342
NCL,MEF2A,3.688091839832558,-0.0347492280237917,0.6351903487543487,0.0172853529501989,-0.0220723742673766
NELFA,MEF2A,2.610094500941943,0.0347975684782799,0.6351903487543487,0.0172853529501989,0.0221030796575219
NOLC1,MEF2A,2.527191149166275,0.1332518174610814,0.6351903487543487,0.0172853529501989,0.0846402684052551
PCBP2,MEF2A,3.3988555294711293,-0.0174942309042498,0.6351903487543487,0.0172853529501989,-0.0111121666292595
PLEKHO2,MEF2A,2.5398071344882487,0.290126224823765,0.6351903487543487,0.0172853529501989,0.1842853779285898
PPIG,MEF2A,4.184082709043725,-0.0409865857756336,0.6351903487543487,0.0172853529501989,-0.0260342837130747
PRRC2A,MEF2A,2.450704685975357,-0.2070793977602595,0.6351903487543487,0.0172853529501989,-0.1315348348831797
PRRC2C,MEF2A,2.275740188105973,0.0336021438794912,0.6351903487543487,0.0172853529501989,0.0213437574897078
RANBP3,MEF2A,2.4911337997609304,0.080368753519104,0.6351903487543487,0.0172853529501989,0.0510494565767519
SCAF11,MEF2A,2.6147785758323585,0.08047216249507,0.6351903487543487,0.0172853529501989,0.0511151409602601
SERBP1,MEF2A,2.6830085937405683,-0.0215598792058764,0.6351903487543487,0.0172853529501989,-0.0136946271918823
SON,MEF2A,2.5806343763749946,0.0748830008701069,0.6351903487543487,0.0172853529501989,0.0475649594384553
SVIL,MEF2A,2.7687049757311213,0.1026846767265814,0.6351903487543487,0.0172853529501989,0.0652243156216848
SYNPO,MEF2A,2.977520294497052,0.0141913254884241,0.6351903487543487,0.0172853529501989,0.0090141929862785
TCOF1,MEF2A,4.723336471882261,-0.0390250895895388,0.6351903487543487,0.0172853529501989,-0.0247883602665488
THRAP3,MEF2A,2.2314440370228463,0.0110095609995764,0.6351903487543487,0.0172853529501989,0.0069931668909532
USP24,MEF2A,3.85803644462092,-0.0514394862840607,0.6351903487543487,0.0172853529501989,-0.032673865232517
GAB1,MEPCE,2.307612672339165,-0.1254903550088643,0.6035918615047265,0.0280297954032974,-0.0757449569806894
GAB1,MFAP1,2.56131580738342,-0.1688122279251193,0.5504112936034253,0.0319122562264932,-0.0929161567483412
GAB1,MICALL1,2.609448919667169,-0.1149696393881831,0.6373730845076595,0.026641385468426,-0.0732785536815796
ABLIM1,MITF,3.521093350538912,-0.0589218903831081,0.5250459115950488,0.0171790987436034,-0.0309366976491025
AHNAK2,MITF,4.573257250227937,-0.0415608960914491,0.5250459115950488,0.0171790987436034,-0.0218213785750419
BAG3,MITF,3.7330177554557458,0.337762748930234,0.5250459115950488,0.0171790987436034,0.1773409504149243
CKM,MITF,4.549520631205732,-0.0453646420857146,0.5250459115950488,0.0171790987436034,-0.0238185198580771
EIF4B,MITF,3.33753968070696,0.1272738827882573,0.5250459115950488,0.0171790987436034,0.0668246318108019
GPATCH8,MITF,4.6282279659223535,0.2275981597254646,0.5250459115950488,0.0171790987436034,0.1194994832504121
HUWE1,MITF,6.290314233945408,-0.023290111494172,0.5250459115950488,0.0171790987436034,-0.0122283778206078
LMO7,MITF,5.172877250679472,0.0682164737052451,0.5250459115950488,0.0171790987436034,0.0358167806223701
MAP1S,MITF,3.689168560101093,-0.1331173491781274,0.5250459115950488,0.0171790987436034,-0.0698927199483463
MYCT1,MITF,15.656728200001035,-0.1881306661264496,0.5250459115950488,0.0171790987436034,-0.0987772370953455
MYH2,MITF,4.145317337858515,0.2668195508667725,0.5250459115950488,0.0171790987436034,0.140092514316226
MYH3,MITF,10.362844682274082,0.0694322707437082,0.5250459115950488,0.0171790987436034,0.0364551298867445
MYH7,MITF,4.959014446134612,0.0113669675789592,0.5250459115950488,0.0171790987436034,0.005968179854566
MYOZ2,MITF,4.255208786932739,-0.1173819899099501,0.5250459115950488,0.0171790987436034,-0.0616309338971106
NCL,MITF,3.3732293635643926,0.1131922679386526,0.5250459115950488,0.0171790987436034,0.0594311375053608
PLN,MITF,7.004817536524023,0.1156296673736519,0.5250459115950488,0.0171790987436034,0.0607108841136313
PPIG,MITF,3.673195782599843,-0.1545033157827605,0.5250459115950488,0.0171790987436034,-0.0811213342796171
PRRC2A,MITF,3.667062234545231,0.0691825205776616,0.5250459115950488,0.0171790987436034,0.0363239995831415
TCOF1,MITF,3.662972897956021,-0.0076245086473796,0.5250459115950488,0.0171790987436034,-0.0040032170932277
THRAP3,MITF,3.550465704315992,0.0636306023398267,0.5250459115950488,0.0171790987436034,0.0334089876108563
TNNT3,MITF,4.068131208625603,-0.3428113413467587,0.5250459115950488,0.0171790987436034,-0.1799916932225303
XIRP1,MITF,6.93212216836375,0.2211633159244359,0.5250459115950488,0.0171790987436034,0.1161208948209292
GAB1,MPRIP,3.055556159574732,0.2028691639712194,0.7086675796975846,0.0233264753707306,0.1437667994267565
GAB1,MYH9,1.741171150201997,0.0946024203956072,0.6415303497909068,0.0243447726388517,0.0606903238474603
GAB1,MYO18A,2.6214149412476706,0.1278871463553384,0.8310778850403004,0.012969542246157,0.106284179116834
GAB1,NCBP3,2.93960237528734,-0.0828592517981757,0.61764834383553,0.0300068804504455,-0.0511778796445944
GAB1,NCOR2,2.303288637156488,0.0659739223068874,0.8029643323618828,0.0146378957325049,0.0529747064784445
GAB1,NDRG1,1.610171067012809,-0.0605086212753343,0.7936462224775338,0.0141503653735876,-0.0480224387024928
GAB1,NES,2.140920593642365,-0.0567195318039283,0.6693035880403679,0.02278954194475,-0.037962586148339
GAB1,NIPBL,1.9605164531461032,0.1645727065588774,0.6489187630639156,0.0248863935029808,0.1067943171742675
GAB1,NKAP,2.324460428082063,-0.2954038958612215,0.4877472591849273,0.0258911997918194,-0.1440824405588605
GAB1,NOP58,1.5112817831026484,0.0315177765940989,0.6740762528958611,0.0206173977299689,0.0212453847461591
GAB1,NUF2,15.287205424171464,-0.0205028928188469,0.505136613853829,0.0329734374438152,-0.0103567618527203
GAB1,NUFIP2,1.6260457726507584,-0.0253289450476291,0.7122870654093731,0.0175132768813971,-0.018041479937891
GAB1,NUP214,2.8537821980895592,0.2004952806071853,0.7882882973064732,0.0166022289789494,0.1580480833678217
GAB1,OSBP,1.787785408452126,0.0067628603388802,0.6364371271903199,0.0207034617029342,0.0043041354056663
GAB1,PAK2,2.5386096410099217,0.0118800629685095,0.5856255085809815,0.0282243723485985,0.0069572679179075
GAB1,PAK2,1.3672983449744247,-0.1840275633270214,0.5838725064799897,0.0260450566015219,-0.107448634661153
GAB1,PCBP1,3.899693855724749,-0.1163856200412917,0.4280555963920052,0.0418920698340198,-0.0498195159982284
GAB1,PCF11,1.855573721357794,-0.259246140424441,0.720828489123145,0.01993007348028,-0.1868720037131565
GAB1,PCIF1,1.8738822118373284,-0.1764045049639085,0.6924795925678054,0.0220860810541719,-0.1221565197245327
GAB1,PEA15,9.17098159044656,0.0153695856395859,0.8044708886580052,0.0166178274550405,0.0123643842177829
GAB1,PHIP,2.805415361560544,-0.0937887649539744,0.5667784618205366,0.0324920004580812,-0.0531574519366614
GAB1,PHLDB1,2.1966054683876965,0.0195751330069335,0.7789993532590657,0.0160626393240313,0.0152490159523613
GAB1,PHRF1,2.2104065052795416,-0.026224533324598,0.8336312196017216,0.0120671783273945,-0.0218615896988706
GAB1,PKM,4.689106320576346,0.0013358415264195,0.6633312345133211,0.0111240375944702,0.000886105408834
GAB1,PLEC,3.222997424550326,-0.0274793365481592,0.6433796192211199,0.0265037240432394,-0.0176796450848037
GAB1,PNN,2.919724928783644,-0.0148191371928015,0.585341648892791,0.0279984395464591,-0.0086742581996029
GAB1,POLD3,13.472408455677554,-0.0654787981460662,0.8302333984099715,0.0138408569456535,-0.0543626851086091
GAB1,POLR2A,2.407179606249892,-0.0380829963567251,0.4985115316523105,0.0338335592847902,-0.0189848128437003
GAB1,PPIG,1.9359883571182743,0.0600769258067517,0.729539762591863,0.0187260067016483,0.0438285061903066
GAB1,PPIL4,3.6304807751869546,-0.0079341622401955,0.503604452935243,0.0236158583562266,-0.0039956794344731
GAB1,PPP1R10,2.414566789694509,-0.1870247985891506,0.625818243188361,0.0282383883396722,-0.1170435308857193
GAB1,PRCC,1.7770556880904942,0.1282587807447915,0.6556711128404717,0.0219374103468317,0.0840955775024995
GAB1,PRICKLE1,16.622470901191207,-0.0997406015060188,0.3904040053870193,0.0206423162819205,-0.0389391303276603
GAB1,PRKAR2A,3.2272102015798665,0.1021627760241179,0.8264959209222171,0.0140747907032159,0.0844371176540235
GAB1,PRP4K,1.8355431586337403,0.0163657585659274,0.6551710401126527,0.0199699729240336,0.0107223710618712
GAB1,PRPF38B,4.046879310572513,-0.0759659917706869,0.6248791405145203,0.0320561918759631,-0.0474695636459999
GAB1,PRPF3,2.472881771535209,0.2078145299725462,0.6068930611861012,0.0297958676860286,0.1261211962539893
GAB1,PRRC2A,1.5778505431456524,0.0181952406604226,0.6052478331762385,0.02414584925243,0.011012629983841
GAB1,PSIP1,2.53933119754442,0.1646017404311277,0.7327039777930917,0.0202573780059291,0.1206043499655532
GAB1,PURB,2.70977220712575,-0.0407616503170505,0.4503652405518458,0.037897472105447,-0.0183576304503286
GAB1,PXN,3.362817094791928,0.1900619571411071,0.7038654429163205,0.0243132877844129,0.1337780436446681
GAB1,RAB11FIP5,2.0386777641249263,-0.1131662920014,0.5914646914750717,0.0298176362976985,-0.0669338659839859
AHCTF1,RAF1,3.620565083392236,-0.1872645243960496,0.8164150766712577,0.0130699970471605,-0.1528855810426074
AHNAK2,RAF1,6.48877302117998,0.0136184696989544,0.8164150766712577,0.0130699970471605,0.011118323983417
ARHGEF2,RAF1,2.5637915484939944,0.0981411209209711,0.8164150766712577,0.0130699970471605,0.0801238907612978
ASXL2,RAF1,3.069301562181775,0.0086900590750423,0.8164150766712577,0.0130699970471605,0.0070946952460284
ATXN2L,RAF1,4.28561203376515,-0.1054158985182902,0.8164150766712577,0.0130699970471605,-0.0860631288711794
CDC42BPA,RAF1,4.028683893521024,-0.0218919168945171,0.8164150766712577,0.0130699970471605,-0.0178728910099179
CHD4,RAF1,2.359357345254223,0.1416421136217409,0.8164150766712577,0.0130699970471605,0.1156387570523726
CLASP1,RAF1,5.083183204399929,0.0826281832102008,0.8164150766712577,0.0130699970471605,0.0674588945307628
EIF4B,RAF1,3.236508000558516,-0.108729753339011,0.8164150766712577,0.0130699970471605,-0.0887686099087156
EIF4G1,RAF1,2.681134105701197,0.4375409907724454,0.8164150766712577,0.0130699970471605,0.357215061528304
FHOD1,RAF1,2.339717297036544,-0.0516983446302195,0.8164150766712577,0.0130699970471605,-0.0422073079950577
GPATCH8,RAF1,5.658833644698972,0.0411822581716668,0.8164150766712577,0.0130699970471605,0.0336218164627169
HDGFL2,RAF1,2.606633182817488,0.0287886872739908,0.8164150766712577,0.0130699970471605,0.0235035183280601
HUWE1,RAF1,8.29603485372438,-0.0021332395520575,0.8164150766712577,0.0130699970471605,-0.0017416089324512
IRS2,RAF1,4.915465962655507,0.0594072232370681,0.8164150766712577,0.0130699970471605,0.0485009527139174
KMT2D,RAF1,5.542122872905448,-0.2144724535882592,0.8164150766712577,0.0130699970471605,-0.1750985446401314
LMNA,RAF1,2.8900462859293814,0.0731677858014086,0.8164150766712577,0.0130699970471605,0.0597352834549231
LMO7,RAF1,11.888331280449073,0.0580487770106808,0.8164150766712577,0.0130699970471605,0.0473918967338477
MAP4,RAF1,3.399758928827837,-0.0122470753108269,0.8164150766712577,0.0130699970471605,-0.0099986969288874
MAST4,RAF1,3.0227792696822458,0.0002307374119463,0.8164150766712577,0.0130699970471605,0.000188377501865
MDC1,RAF1,5.55299967043537,-0.260203395734802,0.8164150766712577,0.0130699970471605,-0.21243397527895
MIA2,RAF1,2.6324038446499025,0.0663495498711056,0.8164150766712577,0.0130699970471605,0.0541687728451221
MYO9B,RAF1,2.3239080951236577,0.1205274976227355,0.8164150766712577,0.0130699970471605,0.0984004662126604
NCOR2,RAF1,4.937856007286476,-0.1257095199954103,0.8164150766712577,0.0130699970471605,-0.1026311474053599
NES,RAF1,3.531206328458524,0.0336883408271205,0.8164150766712577,0.0130699970471605,0.027503669359301
NHSL3,RAF1,3.784877470763611,0.0505505212384297,0.8164150766712577,0.0130699970471605,0.0412702076726446
NUMA1,RAF1,4.380035906314795,0.1370066813615368,0.8164150766712577,0.0130699970471605,0.1118543202682537
NUP214,RAF1,3.8493682840926335,0.163766824806208,0.8164150766712577,0.0130699970471605,0.1337017048303687
PCBP1,RAF1,3.3323549309118947,-0.0803832190117988,0.8164150766712577,0.0130699970471605,-0.0656260719126002
PHIP,RAF1,2.3910976363066414,-0.0159843076037337,0.8164150766712577,0.0130699970471605,-0.0130498297178392
PHLDB1,RAF1,3.442025217118396,0.3923054368112967,0.8164150766712577,0.0130699970471605,0.3202840732728461
PHRF1,RAF1,3.3727852212677214,-0.0352793928333965,0.8164150766712577,0.0130699970471605,-0.0288026282049928
PLEC,RAF1,5.216843004446161,0.1055061315886713,0.8164150766712577,0.0130699970471605,0.0861367965102529
PLEKHA5,RAF1,3.1372372944609017,-0.2893562336919677,0.8164150766712577,0.0130699970471605,-0.2362347917149342
PRRC2A,RAF1,5.801502393699446,0.0365056361551328,0.8164150766712577,0.0130699970471605,0.0298037517405258
PRRC2C,RAF1,4.982875279586671,-0.2132883840121311,0.8164150766712577,0.0130699970471605,-0.1741318523863526
RASAL2,RAF1,2.7162097161610137,0.1753727770939223,0.8164150766712577,0.0130699970471605,0.143176979257186
RBM10,RAF1,2.6428451443532874,-0.0971261760680581,0.8164150766712577,0.0130699970471605,-0.0792952744813897
RIF1,RAF1,3.690688840638253,0.3213110564649348,0.8164150766712577,0.0130699970471605,0.2623231907991425
SRGAP1,RAF1,2.4823214843293755,0.1668905493439638,0.8164150766712577,0.0130699970471605,0.1362519606383605
SRRM2,RAF1,5.131785503819166,0.2051571196870433,0.8164150766712577,0.0130699970471605,0.1674933655989519
SSH1,RAF1,2.431200162366324,-0.0009650460869284,0.8164150766712577,0.0130699970471605,-0.0007878781750509
TCOF1,RAF1,7.76005974510243,0.028787626158264,0.8164150766712577,0.0130699970471605,0.0235026520171826
TJP1,RAF1,3.457585610698636,0.0415243763516221,0.8164150766712577,0.0130699970471605,0.0339011269028357
TNS1,RAF1,2.8988968946772538,-0.0189461233598135,0.8164150766712577,0.0130699970471605,-0.0154679007554253
TNS2,RAF1,2.7152527281517886,-0.0844294294043024,0.8164150766712577,0.0130699970471605,-0.068929459080424
TP53BP1,RAF1,2.7823411577206856,0.1909990334343303,0.8164150766712577,0.0130699970471605,0.1559344905254249
TRIM28,RAF1,3.1752327031713765,0.1627402109917297,0.8164150766712577,0.0130699970471605,0.1328635618343097
UBE4B,RAF1,2.3855480142854724,0.0935885161166727,0.8164150766712577,0.0130699970471605,0.0764070755609426
USP10,RAF1,3.026322826961727,0.0518309106303137,0.8164150766712577,0.0130699970471605,0.0423155368761886
WIZ,RAF1,2.6436145262045043,-0.266562833728459,0.8164150766712577,0.0130699970471605,-0.2176259163361276
GAB1,RBM12,2.633896749344184,-0.0348692915574593,0.5969443960629608,0.0313751106428864,-0.0208150281899108
GAB1,RBM14,1.7113838553187588,-0.0772795975432094,0.5631094809295749,0.0275293409086995,-0.0435168740590031
GAB1,RBM15,2.518154634104812,0.1349549259131153,0.7616074556224396,0.018057172308883,0.1027826777484025
GAB1,RBM5,1.912375355432082,-0.1647863548287359,0.6316329772003338,0.0264006151933646,-0.1040844959024651
GAB1,RCOR1,2.3496500853270965,0.0015534151956659,0.6046768554809556,0.0297221825803366,0.0009393142157716
GAB1,RNF113A,1.5568918921296129,-0.0708642687900696,0.6306943613397259,0.0239742511185994,-0.0446936947463596
GAB1,RPLP2,3.0566045446296606,-0.2458080449246833,0.6643660391578308,0.0269974207852641,-0.1633065171997419
GAB1,RPRD2,2.742929690578131,0.1157030653098978,0.7048685302534891,0.0228606154596075,0.0815554495908111
AHNAK2,RPS6KA1,7.4726468080928,-0.1416853842468373,0.6893786527742554,0.0178981000581879,-0.0976748793098874
ATXN2L,RPS6KA1,4.434617838409619,0.0906535189349774,0.6893786527742554,0.0178981000581879,0.0624946007526401
CDC42BPA,RPS6KA1,4.366464790499179,-0.1628588462915784,0.6893786527742554,0.0178981000581879,-0.1122714120488578
CKM,RPS6KA1,7.033199411770597,0.1232939953672216,0.6893786527742554,0.0178981000581879,0.0849962484214105
CLASP1,RPS6KA1,6.273463209307125,0.142428497911703,0.6893786527742554,0.0178981000581879,0.0981871660070306
CMYA5,RPS6KA1,7.637242237529718,0.0293806156457936,0.6893786527742554,0.0178981000581879,0.0202543692315754
FHOD1,RPS6KA1,4.559932942450678,-0.2856235708770847,0.6893786527742554,0.0178981000581879,-0.1969027924918166
GPATCH8,RPS6KA1,6.7213076449031695,-0.2010661827331929,0.6893786527742554,0.0178981000581879,-0.1386107341710707
HUWE1,RPS6KA1,9.603419090213055,-0.1479264204394529,0.6893786527742554,0.0178981000581879,-0.1019773164322681
IRS2,RPS6KA1,5.179540108674401,0.0177508820230928,0.6893786527742554,0.0178981000581879,0.0122370791346344
KMT2D,RPS6KA1,6.474302044336815,0.4807645827278416,0.6893786527742554,0.0178981000581879,0.3314288403424965
LMO7,RPS6KA1,12.27045995511548,0.1055322520106659,0.6893786527742554,0.0178981000581879,0.072751681715346
MAP4,RPS6KA1,4.736474253644625,0.1603096074410083,0.6893786527742554,0.0178981000581879,0.110514021204452
MDC1,RPS6KA1,6.3961460281498885,0.2799003397333618,0.6893786527742554,0.0178981000581879,0.1929573191164413
MYH1,RPS6KA1,54.520241385192655,-0.0846975054274656,0.6893786527742554,0.0178981000581879,-0.0583886521849264
MYOZ2,RPS6KA1,4.945295370770513,0.1513178038010242,0.6893786527742554,0.0178981000581879,0.1043152637251091
NACA,RPS6KA1,5.526716458355732,-0.0429359196594534,0.6893786527742554,0.0178981000581879,-0.0295991064504576
NCOR2,RPS6KA1,5.441457964252928,0.0918335256477677,0.6893786527742554,0.0178981000581879,0.0633080721905681
NES,RPS6KA1,4.355921064866993,0.1672950868628345,0.6893786527742554,0.0178981000581879,0.1153296615972528
NHSL3,RPS6KA1,4.006530618969213,0.0456293168461477,0.6893786527742554,0.0178981000581879,0.0314558769744069
NUMA1,RPS6KA1,4.75692895601452,0.3927153288347464,0.6893786527742554,0.0178981000581879,0.2707295643158962
NUP214,RPS6KA1,4.326057214441102,0.1512301230011109,0.6893786527742554,0.0178981000581879,0.1042548184533907
PCBP1,RPS6KA1,6.377069556772187,-0.2197127674750573,0.6893786527742554,0.0178981000581879,-0.1514652916392582
PLEC,RPS6KA1,8.115923303518358,-0.0106814426679108,0.6893786527742554,0.0178981000581879,-0.0073635585560898
PLN,RPS6KA1,6.140841567609217,0.1034520997663126,0.6893786527742554,0.0178981000581879,0.0713176691635684
PROB1,RPS6KA1,5.496651189224383,-0.1906897502022345,0.6893786527742554,0.0178981000581879,-0.1314574430922757
PRRC2A,RPS6KA1,5.250415331674331,-0.2027171408059852,0.6893786527742554,0.0178981000581879,-0.1397488694230791
PRRC2C,RPS6KA1,5.029893223961412,-0.2100531907800404,0.6893786527742554,0.0178981000581879,-0.1448061856708779
RIF1,RPS6KA1,4.407914215615095,-0.1231322705136348,0.6893786527742554,0.0178981000581879,-0.0848847587597247
SRRM2,RPS6KA1,5.453265652536469,0.2056419674367546,0.6893786527742554,0.0178981000581879,0.1417651824653972
TCOF1,RPS6KA1,8.002692293096453,-0.0483184072590969,0.6893786527742554,0.0178981000581879,-0.033309678500474
TNS1,RPS6KA1,4.411266387105976,0.0591942785351196,0.6893786527742554,0.0178981000581879,0.0408072719884847
AHCTF1,RPS6KA3,5.822120941473184,-0.2876242792194173,0.569549041152255,0.032840945155027,-0.1638161324415276
AHNAK2,RPS6KA3,8.339757766622913,-0.2232862075729933,0.569549041152255,0.032840945155027,-0.1271724454257217
ARID1B,RPS6KA3,4.142402163015941,0.2584368463965931,0.569549041152255,0.032840945155027,0.1471924580635922
ASXL2,RPS6KA3,4.301131387108063,0.1484621136154201,0.569549041152255,0.032840945155027,0.0845564544570996
ATXN2L,RPS6KA3,5.998464616353362,-0.3302723230760099,0.569549041152255,0.032840945155027,-0.1881062849270692
CDC42BPA,RPS6KA3,5.919719066529807,0.16226537014523,0.569549041152255,0.032840945155027,0.0924180859784315
CLASP1,RPS6KA3,6.547511084597992,0.2314154728184689,0.569549041152255,0.032840945155027,0.1318024606515547
EIF4B,RPS6KA3,4.549007339289391,0.3309686225510001,0.569549041152255,0.032840945155027,0.1885028616254047
EIF4G1,RPS6KA3,5.361835323510978,0.2496522407279225,0.569549041152255,0.032840945155027,0.1421891943281002
GPATCH8,RPS6KA3,8.035243025613838,-0.1762899757153531,0.569549041152255,0.032840945155027,-0.1004057866334336
HDGFL2,RPS6KA3,4.872487898755125,-0.004114203935984,0.569549041152255,0.032840945155027,-0.0023432409068445
HUWE1,RPS6KA3,9.307305679407415,0.04699753434913,0.569549041152255,0.032840945155027,0.0267674006250671
IMMT,RPS6KA3,4.11169953255036,0.1959686536618551,0.569549041152255,0.032840945155027,0.1116137587890079
KMT2D,RPS6KA3,9.137835408506838,0.0721241479399052,0.569549041152255,0.032840945155027,0.0410782393030964
LMNA,RPS6KA3,4.826485334621207,0.1291715636158919,0.569549041152255,0.032840945155027,0.0735695402015687
LMO7,RPS6KA3,17.38668294693471,0.0309514578589058,0.569549041152255,0.032840945155027,0.0176283731458042
MAP4,RPS6KA3,5.207515986119383,-0.1925890250726816,0.569549041152255,0.032840945155027,-0.1096888945665934
MARK2,RPS6KA3,4.136919941039427,0.2303854953621122,0.569549041152255,0.032840945155027,0.1312158379788783
MDC1,RPS6KA3,8.060139222963741,-0.0019006604892724,0.569549041152255,0.032840945155027,-0.001082519359221
MYH3,RPS6KA3,4.3635970930989,-0.377892305493315,0.569549041152255,0.032840945155027,-0.2152282002525326
NACA,RPS6KA3,6.174318327287613,0.3381327584138179,0.569549041152255,0.032840945155027,0.1925831883367571
NCOR2,RPS6KA3,7.325934500796083,0.2063011051983133,0.569549041152255,0.032840945155027,0.1174985966543498
NES,RPS6KA3,4.908651455600292,0.0724103724056352,0.569549041152255,0.032840945155027,0.0412412581731072
NHSL3,RPS6KA3,5.967017238263276,0.1192393649710964,0.569549041152255,0.032840945155027,0.0679126659868917
NUMA1,RPS6KA3,7.232717769772811,0.2585631091567972,0.569549041152255,0.032840945155027,0.1472643708975997
NUP214,RPS6KA3,5.53005824469692,-0.0519253615097692,0.569549041152255,0.032840945155027,-0.0295740398593732
PCBP1,RPS6KA3,7.234566486974464,0.287731197205059,0.569549041152255,0.032840945155027,0.1638770274777317
PHLDB1,RPS6KA3,5.664532601655982,0.125305740002272,0.569549041152255,0.032840945155027,0.0713677640691677
PHRF1,RPS6KA3,5.42609770414231,-0.0457438460137628,0.569549041152255,0.032840945155027,-0.026053363635755
PLEC,RPS6KA3,7.155628021862647,-0.1721047899104483,0.569549041152255,0.032840945155027,-0.0980221180712061
PPIG,RPS6KA3,4.381540455527973,0.0919531780317699,0.569549041152255,0.032840945155027,0.0523718443788971
PRRC2A,RPS6KA3,8.276000503554865,-0.0987273019832095,0.569549041152255,0.032840945155027,-0.0562300401800861
PRRC2C,RPS6KA3,6.918771403635305,-0.1352417408175038,0.569549041152255,0.032840945155027,-0.0770268038063711
RASAL2,RPS6KA3,4.128309928157435,0.0070282669655823,0.569549041152255,0.032840945155027,0.0040029427112094
RBM10,RPS6KA3,6.9053374862266,-0.33606881243506,0.569549041152255,0.032840945155027,-0.1914076698835654
RIF1,RPS6KA3,5.019485594439551,0.1265032487814146,0.569549041152255,0.032840945155027,0.0720498040460998
SIK3,RPS6KA3,5.215978136580323,-0.2460811677563404,0.569549041152255,0.032840945155027,-0.1401552931412509
SRRM2,RPS6KA3,6.887725121312347,0.0486115612751957,0.569549041152255,0.032840945155027,0.0276866681132018
TCOF1,RPS6KA3,10.62898599113065,0.0911525907930797,0.569549041152255,0.032840945155027,0.0519158706847424
TJP1,RPS6KA3,4.735198463481311,-0.034909716799385,0.569549041152255,0.032840945155027,-0.0198827957299865
TP53BP1,RPS6KA3,4.916326551675209,-0.0727950943375685,0.569549041152255,0.032840945155027,-0.0414603761805501
TRIM28,RPS6KA3,4.386814772854786,-0.3565781258955114,0.569549041152255,0.032840945155027,-0.2030887296996566
UBE4B,RPS6KA3,4.556017864059403,0.106871866349751,0.569549041152255,0.032840945155027,0.0608687690056526
USP10,RPS6KA3,5.307240459956042,-0.1572174969196497,0.569549041152255,0.032840945155027,-0.0895430746229441
ABLIM1,RPS6KA3,4.484870613609135,0.0788858041951718,0.5849956015669626,0.0192683279833574,0.0461478484802481
AHNAK2,RPS6KA3,2.55947774463341,0.1279572435418903,0.5849956015669626,0.0192683279833574,0.0748544246606384
ANKRD17,RPS6KA3,2.400253898420209,-0.0696317606910751,0.5849956015669626,0.0192683279833574,-0.0407342737336423
ARPP19,RPS6KA3,2.7545392683391143,0.2688394465286522,0.5849956015669626,0.0192683279833574,0.1572698937469581
BAG3,RPS6KA3,6.071256043316872,-0.1597828503357791,0.5849956015669626,0.0192683279833574,-0.093472264652263
BRD8,RPS6KA3,4.590614396144794,-0.1766097855294432,0.5849956015669626,0.0192683279833574,-0.1033159477284089
CALD1,RPS6KA3,3.1639090173115703,0.0942834077187476,0.5849956015669626,0.0192683279833574,0.055155378816212
CAST,RPS6KA3,2.293718204075713,0.1223097018176918,0.5849956015669626,0.0192683279833574,0.0715506375923164
CDK16,RPS6KA3,2.348963964296661,-0.0159294383872322,0.5849956015669626,0.0192683279833574,-0.0093186513919628
CEP170B,RPS6KA3,2.633445156916505,0.1503418871790396,0.5849956015669626,0.0192683279833574,0.0879493427310147
DLG1,RPS6KA3,2.340776529636717,-0.0853072726318201,0.5849956015669626,0.0192683279833574,-0.0499043792712884
EIF4B,RPS6KA3,3.667142357998914,0.0348341418405403,0.5849956015669626,0.0192683279833574,0.0203778197610757
GPATCH8,RPS6KA3,2.91841733304175,-0.0166805691736426,0.5849956015669626,0.0192683279833574,-0.0097580595982144
HUWE1,RPS6KA3,4.615149447808414,0.0757397922753731,0.5849956015669626,0.0192683279833574,0.0443074453446886
KRT18,RPS6KA3,2.2388328713097656,0.1338150316752709,0.5849956015669626,0.0192683279833574,0.0782812049535773
LMO7,RPS6KA3,3.875057313575088,0.1388454025674928,0.5849956015669626,0.0192683279833574,0.0812239497997775
MAP1S,RPS6KA3,4.182533846267559,-0.1024084891862041,0.5849956015669626,0.0192683279833574,-0.0599085157370472
MINK1,RPS6KA3,2.9067180310377285,0.0153253902594217,0.5849956015669626,0.0192683279833574,0.0089652858940589
MYH3,RPS6KA3,4.170348953208428,-0.0392301358273687,0.5849956015669626,0.0192683279833574,-0.0229494569078852
NCL,RPS6KA3,3.5002459812963616,0.068415596188976,0.5849956015669626,0.0192683279833574,0.0400228228491324
NOLC1,RPS6KA3,3.163078323834825,-0.1383119499183293,0.5849956015669626,0.0192683279833574,-0.0809118823463726
PARN,RPS6KA3,2.391784940495015,-0.1468893393615838,0.5849956015669626,0.0192683279833574,-0.0859296174436034
PCBP2,RPS6KA3,3.448574067689952,0.0343667214791937,0.5849956015669626,0.0192683279833574,0.0201043809056051
PLEKHO2,RPS6KA3,3.459519916116528,-0.0771743801485298,0.5849956015669626,0.0192683279833574,-0.0451466729405466
PPIG,RPS6KA3,4.776938277083266,-0.0144785236011256,0.5849956015669626,0.0192683279833574,-0.0084698726238419
PRAG1,RPS6KA3,3.623142712583853,0.1069436552879132,0.5849956015669626,0.0192683279833574,0.0625615679589227
PRRC2A,RPS6KA3,3.041535549505415,0.1184528969342833,0.5849956015669626,0.0192683279833574,0.0692944236994205
RANBP3,RPS6KA3,2.3992016830674947,0.041468858296681,0.5849956015669626,0.0192683279833574,0.024259099705562
SCAF11,RPS6KA3,2.9155023926659496,-0.0503988739986599,0.5849956015669626,0.0192683279833574,-0.0294831196131436
SON,RPS6KA3,2.5390597715664662,0.0767162238308738,0.5849956015669626,0.0192683279833574,0.0448786535098877
SVIL,RPS6KA3,2.882545849886965,0.020707103194278,0.5849956015669626,0.0192683279833574,0.0121135642898458
SYNPO,RPS6KA3,2.877774074687003,0.1705872840936312,0.5849956015669626,0.0192683279833574,0.0997928108780281
TCOF1,RPS6KA3,2.5521816850817096,0.092599966020182,0.5849956015669626,0.0192683279833574,0.0541705728270567
THRAP3,RPS6KA3,2.5173519954304435,0.0094724963446311,0.5849956015669626,0.0192683279833574,0.0055413686974683
TP53BP2,RPS6KA3,2.735270755199688,-0.0242174722095081,0.5849956015669626,0.0192683279833574,-0.0141671147236324
USP24,RPS6KA3,3.6347332485252513,0.0680792445000827,0.5849956015669626,0.0192683279833574,0.0398260585905502
GAB1,RSF1,2.115283276180381,0.1505001585850144,0.7780152448958861,0.0160706727685975,0.1170914177383897
GAB1,RSRC2,2.03181081352018,0.0603135708591731,0.6098737596225948,0.0279292576826688,0.0367836642161476
GAB1,RTN4,2.7089413870789567,0.1139884473849164,0.7058919446731572,0.0224487890963383,0.0804635267948125
GAB1,SAP30,21.398805033452952,0.0482365788357969,0.2838772902445483,0.0373930309378133,0.0136932692905735
GAB1,SCAF1,1.7567118013462664,0.0225868196653531,0.6591541299376479,0.0184922011248996,0.0148881954645744
GAB1,SCRIB,1.7059884370277416,0.0257376455454821,0.766709248260457,0.0160709117871731,0.0197332908681707
GAB1,SEC16A,2.812701142860942,0.0183793939560215,0.7100108263301452,0.0227799033230024,0.0130495686901621
GAB1,SF3B1,1.8265888177437224,0.0955360627187565,0.5786988264678927,0.0229302878931915,0.0552866073807073
GAB1,SF3B2,2.5104099267517594,-0.0397521814226039,0.7648437679568036,0.0178505974953323,-0.0304042082237668
GAB1,SH3BP5L,2.242482151419295,-0.1722315341442633,0.6350826163934578,0.0269556065304921,-0.1093812533297978
AHNAK2,SHC1,25.09162696482734,-0.1411872262819892,0.5427938491994803,0.0237769033247447,-0.0766355580113989
ATXN2L,SHC1,18.614055406188577,0.3471656503280907,0.5427938491994803,0.0237769033247447,0.1884393796514251
CDC42BPA,SHC1,17.857365850689206,0.0045554107553991,0.5427938491994803,0.0237769033247447,0.0024726489386078
CLASP1,SHC1,21.027773835599103,-0.1312479451991951,0.5427938491994803,0.0237769033247447,-0.0712405773741935
FLNC,SHC1,17.386377874797127,0.1342143300707907,0.5427938491994803,0.0237769033247447,0.072850712836854
GPATCH8,SHC1,19.454699175112253,0.126492737074234,0.5427938491994803,0.0237769033247447,0.0686594796523013
IRS2,SHC1,23.75289024658904,-0.0467420664725146,0.5427938491994803,0.0237769033247447,-0.0253713061801542
KMT2D,SHC1,26.267514783182232,0.3687390730190182,0.5427938491994803,0.0237769033247447,0.2001493007942411
LMNA,SHC1,17.966003026853215,-0.0324176142283596,0.5427938491994803,0.0237769033247447,-0.0175960816088751
LMO7,SHC1,53.36089099042013,0.0059220321641121,0.5427938491994803,0.0237769033247447,0.0032144426334415
MAP4,SHC1,16.436557032337685,0.0926918045224184,0.5427938491994803,0.0237769033247447,0.0503125413659693
MDC1,SHC1,26.48395011399826,0.2765270215314921,0.5427938491994803,0.0237769033247447,0.1500971664247462
NCOR2,SHC1,25.46247689322202,-0.087598288836107,0.5427938491994803,0.0237769033247447,-0.0475478123806383
NES,SHC1,33.44035004410056,-0.0892221780222466,0.5427938491994803,0.0237769033247447,-0.0484292494426565
NHSL3,SHC1,18.906310895122846,0.1489719850372715,0.5427938491994803,0.0237769033247447,0.0808610771812679
NUMA1,SHC1,20.864085103846502,0.2308943216168573,0.5427938491994803,0.0237769033247447,0.1253280175887167
NUP214,SHC1,18.62005926236924,0.1038557984486503,0.5427938491994803,0.0237769033247447,0.0563722886016283
PHRF1,SHC1,16.90559553358814,-0.2835408449602937,0.5427938491994803,0.0237769033247447,-0.1539042266412709
PLEC,SHC1,21.99444379854184,-0.1319745123217947,0.5427938491994803,0.0237769033247447,-0.0716349535393712
PRRC2C,SHC1,21.03979935660577,-0.2102651909295559,0.5427938491994803,0.0237769033247447,-0.1141306523373173
SRRM2,SHC1,26.473544802706623,-0.0472096742212945,0.5427938491994803,0.0237769033247447,-0.0256251207900299
SYNPO2L,SHC1,44.19726348752648,-0.1697835453447215,0.5427938491994803,0.0237769033247447,-0.0921574641083958
TCOF1,SHC1,28.299089721022696,0.217019921846073,0.5427938491994803,0.0237769033247447,0.1177970787318003
TJP1,SHC1,17.092069221360404,0.2106958720432038,0.5427938491994803,0.0237769033247447,0.1143644233967717
TNS1,SHC1,23.851605798740813,0.1240454409233809,0.5427938491994803,0.0237769033247447,0.0673311023544486
GAB1,SIN3A,1.5981936905496008,0.0105368748717718,0.5587197009614797,0.0294001250682275,0.0058871595774249
GAB1,SKIC2,1.9056894267237243,-0.1022962224579331,0.6589814069841953,0.0243451693722911,-0.067411308604497
GAB1,SLC16A1,2.1661563915773385,0.0364328018856201,0.5869564461703465,0.0312000181899815,0.0213844679188119
GAB1,SLC20A2,2.402694983673371,-0.0049726691244546,0.5486591076231069,0.0329962116209533,-0.0027283002043282
GAB1,SLTM,2.0367311616639783,0.1136495531068456,0.8119068643609644,0.0135801755024424,0.0922728522990039
GAB1,SLU7,1.7090334108562022,-0.2602028639934519,0.5881300756264589,0.029277131818661,-0.1530331300786901
GAB1,SMAP,2.61669844927312,-0.0620544329305446,0.5817186741442152,0.0323280755327994,-0.0360982224491275
GAB1,SMARCC1,1.956342290118447,-0.0233645100018871,0.5734688133612359,0.0289799788816324,-0.0133988178255489
GAB1,SNW1,2.19575622424619,0.0454052914144074,0.6638337477367833,0.024582560609335,0.0301415647667068
AHCTF1,SOS1,3.6790517229109785,0.2404485391064735,0.6804907630406665,0.022456991721875,0.1636230098485777
AHNAK2,SOS1,6.351295261555749,-0.0290974633503751,0.6804907630406665,0.022456991721875,-0.0198005550378445
ARHGEF2,SOS1,2.422507232250935,-0.0484089757503761,0.6804907630406665,0.022456991721875,-0.0329418608463905
ASXL2,SOS1,2.923161039012108,-0.0473319573477139,0.6804907630406665,0.022456991721875,-0.0322089597717541
ATXN2L,SOS1,3.811037924897556,-0.2277528609976457,0.6804907630406665,0.022456991721875,-0.1549837181649827
CDC42BPA,SOS1,3.8863015497923614,0.1431723090758693,0.6804907630406665,0.022456991721875,0.0974274338493324
CLASP1,SOS1,4.919371128252944,0.0781867119555426,0.6804907630406665,0.022456991721875,0.053205335278268
EIF4B,SOS1,3.125051549880015,-0.1480646697721835,0.6804907630406665,0.022456991721875,-0.1007566401126374
EIF4G1,SOS1,2.63693009708659,0.2326496347753516,0.6804907630406665,0.022456991721875,0.1583159274894114
GPATCH8,SOS1,5.747162998148296,-0.1242234133609432,0.6804907630406665,0.022456991721875,-0.0845328853455043
HDGFL2,SOS1,2.5332517269553367,0.1941593204812867,0.6804907630406665,0.022456991721875,0.1321236241457681
HUWE1,SOS1,8.429383114243624,-0.2041418536458049,0.6804907630406665,0.022456991721875,-0.1389166457559698
IMMT,SOS1,2.323077111114009,0.0816174564329703,0.6804907630406665,0.022456991721875,0.0555399252055103
KMT2D,SOS1,5.515240262986263,0.2283580048455908,0.6804907630406665,0.022456991721875,0.1553955129638203
LMNA,SOS1,2.9424402867461006,-0.3262547969774138,0.6804907630406665,0.022456991721875,-0.222013375740838
LMO7,SOS1,11.250541737657162,0.0029149092033939,0.6804907630406665,0.022456991721875,0.0019835687880118
MAP4,SOS1,3.287175913065928,0.2779941135264439,0.6804907630406665,0.022456991721875,0.1891724264344235
MAST4,SOS1,2.67914851474531,-0.1133711449358178,0.6804907630406665,0.022456991721875,-0.0771480169241686
MDC1,SOS1,5.475015306598227,-0.0616923804863433,0.6804907630406665,0.022456991721875,-0.0419810950709468
MIA2,SOS1,2.643815858511261,0.0057333576954046,0.6804907630406665,0.022456991721875,0.0039014969529309
MYH3,SOS1,4.312394362224383,-0.2564409513904493,0.6804907630406665,0.022456991721875,-0.1745056986865613
MYO9B,SOS1,2.2769550452234144,0.1115469094326204,0.6804907630406665,0.022456991721875,0.0759066415146319
NACA,SOS1,3.4633304295140976,0.2692358797697624,0.6804907630406665,0.022456991721875,0.1832125292624507
NCOR2,SOS1,4.559375514414906,-0.2122450698117429,0.6804907630406665,0.022456991721875,-0.1444308095078124
NES,SOS1,4.009313982329838,0.0534834304785069,0.6804907630406665,0.022456991721875,0.0363949804163516
NHSL3,SOS1,3.747241004808575,0.3059046205826042,0.6804907630406665,0.022456991721875,0.2081652686779219
NUMA1,SOS1,4.279730079631903,0.3845366647483704,0.6804907630406665,0.022456991721875,0.2616736484117316
NUP214,SOS1,3.668481950521015,-0.0249792697532975,0.6804907630406665,0.022456991721875,-0.0169981623346201
PCBP1,SOS1,3.6983123365094936,0.1052095407521688,0.6804907630406665,0.022456991721875,0.0715941206656014
PHLDB1,SOS1,3.190548371742138,0.0553022477797334,0.6804907630406665,0.022456991721875,0.0376326687894948
PHRF1,SOS1,3.243862041936611,0.0603065003002359,0.6804907630406665,0.022456991721875,0.0410380164056197
PLEC,SOS1,5.365974537801431,-0.2413600851876337,0.6804907630406665,0.022456991721875,-0.1642433085368931
PLEKHA5,SOS1,3.010948907867216,-0.2962036066801971,0.6804907630406665,0.022456991721875,-0.2015638183252047
PPIG,SOS1,2.318458260115306,0.0215614780731624,0.6804907630406665,0.022456991721875,0.0146723866662909
PRRC2A,SOS1,5.639910258414373,-0.0448267174831153,0.6804907630406665,0.022456991721875,-0.0305041671846935
PRRC2C,SOS1,4.697884718004506,-0.1819820063822868,0.6804907630406665,0.022456991721875,-0.1238370743827537
RASAL2,SOS1,2.6078974206371166,0.260123579024575,0.6804907630406665,0.022456991721875,0.1770116927753021
RBM10,SOS1,2.5163526854619964,0.0349792318493335,0.6804907630406665,0.022456991721875,0.0238030441717293
RIF1,SOS1,3.508316840808499,-0.0812987552097639,0.6804907630406665,0.022456991721875,-0.0553230519669486
SRGAP1,SOS1,2.3233580450690963,-0.1335722940479303,0.6804907630406665,0.022456991721875,-0.0908947122977683
SRRM2,SOS1,4.588451960276988,-0.0316568386862815,0.6804907630406665,0.022456991721875,-0.021542186313083
TCOF1,SOS1,6.978659280414097,0.1088891216365819,0.6804907630406665,0.022456991721875,0.0740980414693056
TJP1,SOS1,3.17139328983564,-0.0428519987654692,0.6804907630406665,0.022456991721875,-0.0291603893377318
TNS2,SOS1,2.6051773223108663,0.2500214819048871,0.6804907630406665,0.022456991721875,0.1701373089980148
TP53BP1,SOS1,2.476544759799088,0.0910805227167934,0.6804907630406665,0.022456991721875,0.0619794544016935
TRIM28,SOS1,3.051160047026789,0.0968583561376909,0.6804907630406665,0.022456991721875,0.0659112166750019
UBE4B,SOS1,2.6433119304104062,0.0056603222227201,0.6804907630406665,0.022456991721875,0.0038517969883948
USP10,SOS1,2.753981497392577,-0.0891297875030257,0.6804907630406665,0.022456991721875,-0.0606519971075864
WIZ,SOS1,2.3709447519059696,0.0683951114645756,0.6804907630406665,0.022456991721875,0.0465422415887805
GAB1,SPEN,1.7794655322136768,-0.0056283211462519,0.6385402283841136,0.0244570418544552,-0.0035939094701468
GAB1,SPTBN1,4.067679929415322,0.0139594736326715,0.7339390450264476,0.0216213841286346,0.0102454027470348
GAB1,SRFBP1,1.4595488710737596,-0.0342673578820353,0.6542687639187188,0.0233876686156363,-0.0224200618842396
GAB1,SRRM2,2.755419633098807,0.0621277797192782,0.5053055908380362,0.02179295716413,0.0313935144385052
GAB1,SRSF1,2.456781230276796,0.3697422084087346,0.6069520946211264,0.0296143540250196,0.2244158078635225
GAB1,SRSF9,2.5707745780218003,-0.0658999622320522,0.5180771578703697,0.0351799719046819,-0.0341412651369463
GAB1,SYMPK,2.6806327651557256,0.039350997029497,0.5837922025866152,0.0312504142447252,0.0229728052298294
GAB1,TBC1D10B,1.8525638032039409,0.0665665841240417,0.6393462624215729,0.0237598427636845,0.0425590967618772
GAB1,TBC1D4,1.7376030861032163,-0.0529153406545622,0.8192807186011513,0.0123953169927728,-0.0433525183164945
GAB1,TCOF1,3.20831005185009,0.2114749451430289,0.7417090677814834,0.020973494217197,0.1568528844211763
GAB1,TFIP11,2.258454248148297,0.019749701101369,0.5928770514183039,0.0307152268638465,0.0117091445553725
GAB1,THRAP3,2.194599362492782,0.0947909807233301,0.5586295084785077,0.0226361505200807,0.0529530389696696
GAB1,TJAP1,2.944444074957091,-0.0952262007717893,0.6963664897900286,0.0229984081017553,-0.0663123351674914
GAB1,TJP1,3.263293182817025,0.2771625811081644,0.7109659929138346,0.0235491729317444,0.1970531696761273
GAB1,TNKS1BP1,1.5596564873504222,0.0825398460371705,0.6416015307573695,0.0152820228860791,0.0529576915659262
GAB1,TOMM22,12.384095524295915,-0.1631324975413405,0.4873811543272501,0.0426315895885249,-0.0795077049599858
GAB1,TP53BP1,3.2612921137364266,0.1222549826647028,0.7718166502494922,0.0186392486601862,0.0943584311965807
GAB1,TPI1,3.1750302374277632,0.069513335054238,0.737093149141428,0.0211710583095827,0.0512378030424515
GAB1,TPR,1.3502231216521816,-0.0965101790553695,0.4937352992037545,0.026392187511218,-0.0476504821321108
GAB1,TRA2A,2.6848407064599606,-0.2320207848414313,0.5534970088782434,0.031930667013332,-0.1284228104073146
GAB1,TRAFD1,3.082586878211296,-0.0992324088002568,0.541162231118253,0.0361208279621202,-0.0537008317455855
GAB1,UBA1,1.8384454968915864,0.1167035703493533,0.7175350251236127,0.0199716485473946,0.0837388992826385
GAB1,UBE2O,1.9902255151187724,-0.1134142986414154,0.6263667420666815,0.0265801512697028,-0.071038944743801
GAB1,ULK1,1.6251440467873113,-0.0425037413264424,0.6688155563358422,0.0206957731244616,-0.0284271634015993
GAB1,UTP20,1.7788434907333892,-0.0467276549271906,0.6131186072128116,0.0275077500528684,-0.02864959470728
GAB1,VCPIP1,1.6666462609626431,-0.3145886402038333,0.7105557465599673,0.0199163622944734,-0.2235327660993197
GAB1,VIM,3.2519140921544936,-0.1919044294077974,0.3975172462504527,0.0359677150337668,-0.076285320321452
GAB1,YY1,2.086024542223086,0.0357512472130198,0.5086741666114623,0.0361720928677933,0.0181857358814032
GAB1,ZBTB7A,9.229158936216734,0.159533108008852,0.5116479795872863,0.0387133971049849,0.0816247923900094
GAB1,ZNF148,2.0778944529701024,-0.1472959490298713,0.5929418380273924,0.0297680512587392,-0.087337930751761
GAB1,ZNF609,1.8828763540295088,-0.1466486938773329,0.667311928696883,0.0234604962891122,-0.0978604227521618
GAB1,ZYX,3.2821010431910613,0.2271085574733702,0.7100431987325296,0.0237544901577215,0.1612568866079223
